teamshortform	hasachievedobjective	yettowin	unbeatenallcomps	unbeatenleague	champion	leagueid	homega	prevleagueid	previousyeartableposition	highestpossible	teamform	homegf	highestprobable	homewins	artificialkey	nummatchesplayed	teamid	grouping	currenttableposition	awaywins	objective	points	actualvsexpectations	homelosses	unbeatenhome	lastgameresult	unbeatenaway	awaylosses	awaygf	awaydraws	awayga	homedraws	teamlongform
66	0	0	0	0	0	1	2	1	5	0	220	3	10	1	0	3	269	10	3	1	0	6	0	1	0	2	1	0	1	0	0	0	66
0	0	1	0	0	0	1	2	1	9	0	0	0	4	0	1	3	270	4	12	0	0	0	0	1	0	2	0	2	0	0	4	0	0
22	0	1	0	0	0	1	2	1	3	0	101	1	4	0	2	3	271	4	11	0	0	2	0	1	0	1	1	0	1	1	1	1	22
44	0	0	0	0	0	1	1	1	8	0	120	3	8	1	3	3	272	8	6	0	0	4	0	0	1	2	0	1	3	1	7	0	44
100	0	0	0	1	1	1	0	1	1	0	222	2	0	1	4	3	819	0	1	2	0	9	0	0	1	0	1	0	5	0	2	0	100
44	0	0	0	0	0	1	1	1	11	0	102	5	8	1	5	3	822	8	5	0	0	4	0	0	1	0	0	1	0	0	2	1	44
33	0	0	0	0	0	1	3	1	4	0	2	2	5	0	6	3	1443	5	9	1	0	3	0	1	0	0	0	1	3	0	3	0	33
44	0	0	0	0	0	1	3	1	12	0	102	4	3	1	7	3	1447	3	7	0	0	4	0	0	1	0	0	1	2	0	6	1	44
55	0	0	0	1	0	1	5	1	7	0	121	9	10	1	8	3	1516	10	4	0	0	5	0	0	1	1	1	0	0	1	0	1	55
77	0	0	0	1	0	1	0	1	6	0	122	1	10	1	9	3	1786	10	2	1	0	7	0	0	1	0	1	0	3	1	2	0	77
33	0	0	0	0	0	1	1	1	2	0	200	0	3	0	10	3	1788	3	8	1	0	3	0	1	0	2	0	1	5	0	5	0	33
33	0	0	0	0	0	1	5	1	13	0	20	2	5	0	11	3	15006	5	10	1	0	3	0	2	0	2	1	0	2	0	0	0	33
100	0	0	0	1	0	4	2	4	11	0	22	5	0	1	12	2	229	0	1	1	0	6	0	0	1	0	1	0	2	0	0	0	100
33	0	1	0	1	1	4	1	4	3	0	11	1	3	0	13	2	230	0	10	0	0	2	0	0	1	1	1	0	1	1	1	1	33
50	0	0	0	0	0	4	1	4	4	0	20	2	10	1	14	2	231	0	6	0	0	3	0	0	1	2	0	1	1	0	2	0	50
66	0	0	0	1	0	4	1	4	6	0	21	1	10	0	15	2	232	0	4	1	0	4	0	0	1	1	1	0	2	0	0	1	66
33	0	1	0	1	0	4	0	4	1	0	11	0	3	0	16	2	537	0	11	0	0	2	0	0	1	1	1	0	1	1	1	1	33
33	0	1	0	1	0	4	1	4	9	0	11	1	3	0	17	2	670	0	9	0	0	2	0	0	1	1	1	0	2	1	2	1	33
16	0	1	0	0	0	4	1	4	1	0	1	1	3	0	18	2	673	0	12	0	0	1	0	0	1	1	0	1	1	0	2	1	16
50	0	0	0	0	0	4	0	4	5	0	2	1	8	1	19	2	674	0	8	0	0	3	0	0	1	0	0	1	1	0	3	0	50
66	0	0	0	1	0	4	1	4	12	0	21	3	10	1	20	2	680	0	3	0	0	4	0	0	1	1	1	0	1	1	1	0	66
50	0	0	0	0	0	4	1	4	7	0	2	3	8	1	21	2	681	0	7	0	0	3	0	0	1	0	0	1	2	0	5	0	50
16	0	1	0	0	0	4	2	4	8	0	10	0	5	0	22	2	1750	0	14	0	0	1	0	1	0	2	1	0	0	1	0	0	16
66	0	0	0	1	0	4	0	4	2	0	12	5	10	1	23	2	2014	0	2	0	0	4	0	0	1	0	1	0	1	1	1	0	66
16	0	1	0	0	0	4	1	4	1	0	10	1	5	0	24	2	15005	0	13	0	0	1	0	0	1	2	0	1	1	0	3	1	16
16	0	1	0	0	0	4	2	4	10	0	10	2	4	0	25	2	100087	0	15	0	0	1	0	0	1	2	0	1	0	0	5	1	16
66	0	0	0	1	0	4	1	4	13	0	12	2	10	1	26	2	110724	0	5	0	0	4	0	0	1	0	1	0	1	1	1	0	66
0	0	1	0	0	0	4	2	4	1	0	0	0	4	0	27	2	132231	0	16	0	0	0	0	1	0	2	0	1	0	0	1	0	0
0	0	1	0	1	0	10	0	10	3	0	0	0	0	0	28	0	245	0	1	0	0	0	0	0	1	0	1	0	0	0	0	0	0
0	0	1	0	1	1	10	0	10	1	0	0	0	0	0	29	0	246	0	4	0	0	0	0	0	1	0	1	0	0	0	0	0	0
0	0	1	0	1	0	10	0	10	2	0	0	0	0	0	30	0	247	0	13	0	0	0	0	0	1	0	1	0	0	0	0	0	0
0	0	1	0	1	0	10	0	10	13	0	0	0	0	0	31	0	634	0	5	0	0	0	0	0	1	0	1	0	0	0	0	0	0
0	0	1	0	1	0	10	0	10	14	0	0	0	0	0	32	0	645	0	18	0	0	0	0	0	1	0	1	0	0	0	0	0	0
0	0	1	0	1	0	10	0	10	7	0	0	0	0	0	33	0	1903	0	17	0	0	0	0	0	1	0	1	0	0	0	0	0	0
0	0	1	0	1	0	10	0	10	18	0	0	0	0	0	34	0	1904	0	10	0	0	0	0	0	1	0	1	0	0	0	0	0	0
0	0	1	0	1	0	10	0	10	4	0	0	0	0	0	35	0	1906	0	2	0	0	0	0	0	1	0	1	0	0	0	0	0	0
0	0	1	0	1	0	10	0	10	5	0	0	0	0	0	36	0	1908	0	16	0	0	0	0	0	1	0	1	0	0	0	0	0	0
0	0	1	0	1	0	10	0	10	12	0	0	0	0	0	37	0	1910	0	11	0	0	0	0	0	1	0	1	0	0	0	0	0	0
0	0	1	0	1	0	10	0	10	8	0	0	0	0	0	38	0	1913	0	8	0	0	0	0	0	1	0	1	0	0	0	0	0	0
0	0	1	0	1	0	10	0	10	17	0	0	0	0	0	39	0	1914	0	12	0	0	0	0	0	1	0	1	0	0	0	0	0	0
0	0	1	0	1	0	10	0	10	12	0	0	0	0	0	40	0	1915	0	7	0	0	0	0	0	1	0	1	0	0	0	0	0	0
0	0	1	0	1	0	10	0	10	15	0	0	0	0	0	41	0	1971	0	3	0	0	0	0	0	1	0	1	0	0	0	0	0	0
0	0	1	0	1	0	10	0	10	11	0	0	0	0	0	42	0	100632	0	6	0	0	0	0	0	1	0	1	0	0	0	0	0	0
0	0	1	0	1	0	10	0	10	16	0	0	0	0	0	43	0	100634	0	9	0	0	0	0	0	1	0	1	0	0	0	0	0	0
0	0	1	0	1	0	10	0	10	19	0	0	0	0	0	44	0	100638	0	15	0	0	0	0	0	1	0	1	0	0	0	0	0	0
0	0	1	0	1	0	10	0	10	6	0	0	0	0	0	45	0	100646	0	14	0	0	0	0	0	1	0	1	0	0	0	0	0	0
0	0	1	0	1	0	13	0	13	2	0	0	0	0	0	46	0	1	0	2	0	0	0	0	0	1	0	1	0	0	0	0	0	0
0	0	1	0	1	0	13	0	13	7	0	0	0	0	0	47	0	2	0	3	0	0	0	0	0	1	0	1	0	0	0	0	0	0
0	0	1	0	1	0	13	0	13	12	0	0	0	0	0	48	0	5	0	7	0	0	0	0	0	1	0	1	0	0	0	0	0	0
0	0	1	0	1	0	13	0	13	17	0	0	0	0	0	49	0	7	0	9	0	0	0	0	0	1	0	1	0	0	0	0	0	0
0	0	1	0	1	1	13	0	14	18	0	0	0	0	0	50	0	8	0	11	0	0	0	0	0	1	0	1	0	0	0	0	0	0
0	0	1	0	1	1	13	0	13	5	0	0	0	0	0	51	0	9	0	12	0	0	0	0	0	1	0	1	0	0	0	0	0	0
0	0	1	0	1	0	13	0	13	1	0	0	0	0	0	52	0	10	0	13	0	0	0	0	0	1	0	1	0	0	0	0	0	0
0	0	1	0	1	0	13	0	13	3	0	0	0	0	0	53	0	11	0	14	0	0	0	0	0	1	0	1	0	0	0	0	0	0
0	0	1	0	1	0	13	0	13	4	0	0	0	0	0	54	0	13	0	15	0	0	0	0	0	1	0	1	0	0	0	0	0	0
0	0	1	0	1	0	13	0	13	16	0	0	0	0	0	55	0	14	0	16	0	0	0	0	0	1	0	1	0	0	0	0	0	0
0	0	1	0	1	0	13	0	13	8	0	0	0	0	0	56	0	18	0	18	0	0	0	0	0	1	0	1	0	0	0	0	0	0
0	0	1	0	1	0	13	0	13	14	0	0	0	0	0	57	0	19	0	19	0	0	0	0	0	1	0	1	0	0	0	0	0	0
0	0	1	0	1	0	13	0	14	6	0	0	0	0	0	58	0	106	0	17	0	0	0	0	0	1	0	1	0	0	0	0	0	0
0	0	1	0	1	0	13	0	13	13	0	0	0	0	0	59	0	110	0	20	0	0	0	0	0	1	0	1	0	0	0	0	0	0
0	0	1	0	1	0	13	0	13	10	0	0	0	0	0	60	0	144	0	10	0	0	0	0	0	1	0	1	0	0	0	0	0	0
0	0	1	0	1	0	13	0	14	1	0	0	0	0	0	61	0	1796	0	6	0	0	0	0	0	1	0	1	0	0	0	0	0	0
0	0	1	0	1	0	13	0	13	11	0	0	0	0	0	62	0	1799	0	8	0	0	0	0	0	1	0	1	0	0	0	0	0	0
0	0	1	0	1	0	13	0	13	6	0	0	0	0	0	63	0	1808	0	5	0	0	0	0	0	1	0	1	0	0	0	0	0	0
0	0	1	0	1	0	13	0	13	9	0	0	0	0	0	64	0	1925	0	4	0	0	0	0	0	1	0	1	0	0	0	0	0	0
0	0	1	0	1	0	13	0	13	15	0	0	0	0	0	65	0	1943	0	1	0	0	0	0	0	1	0	1	0	0	0	0	0	0
0	0	1	0	1	0	14	0	14	7	0	0	0	0	0	66	0	3	0	2	0	0	0	0	0	1	0	1	0	0	0	0	0	0
0	0	1	0	1	0	14	0	14	4	0	0	0	0	0	67	0	12	0	10	0	0	0	0	0	1	0	1	0	0	0	0	0	0
0	0	1	0	1	0	14	0	14	20	0	0	0	0	0	68	0	15	0	16	0	0	0	0	0	1	0	1	0	0	0	0	0	0
0	0	1	0	1	0	14	0	13	20	0	0	0	0	0	69	0	17	0	19	0	0	0	0	0	1	0	1	0	0	0	0	0	0
0	0	1	0	1	1	14	0	60	17	0	0	0	0	0	70	0	88	0	1	0	0	0	0	0	1	0	1	0	0	0	0	0	0
0	0	1	0	1	0	14	0	60	10	0	0	0	0	0	71	0	89	0	4	0	0	0	0	0	1	0	1	0	0	0	0	0	0
0	0	1	0	1	0	14	0	14	7	0	0	0	0	0	72	0	91	0	6	0	0	0	0	0	1	0	1	0	0	0	0	0	0
0	0	1	0	1	0	14	0	13	2	0	0	0	0	0	73	0	94	0	8	0	0	0	0	0	1	0	1	0	0	0	0	0	0
0	0	1	0	1	0	14	0	13	19	0	0	0	0	0	74	0	95	0	9	0	0	0	0	0	1	0	1	0	0	0	0	0	0
0	0	1	0	1	0	14	0	14	8	0	0	0	0	0	75	0	97	0	11	0	0	0	0	0	1	0	1	0	0	0	0	0	0
0	0	1	0	1	0	14	0	14	9	0	0	0	0	0	76	0	109	0	23	0	0	0	0	0	1	0	1	0	0	0	0	0	0
0	0	1	0	1	0	14	0	14	8	0	0	0	0	0	77	0	1790	0	14	0	0	0	0	0	1	0	1	0	0	0	0	0	0
0	0	1	0	1	0	14	0	14	13	0	0	0	0	0	78	0	1792	0	12	0	0	0	0	0	1	0	1	0	0	0	0	0	0
0	0	1	0	1	0	14	0	14	2	0	0	0	0	0	79	0	1794	0	17	0	0	0	0	0	1	0	1	0	0	0	0	0	0
0	0	1	0	1	0	14	0	14	11	0	0	0	0	0	80	0	1795	0	22	0	0	0	0	0	1	0	1	0	0	0	0	0	0
0	0	1	0	1	0	14	0	14	5	0	0	0	0	0	81	0	1800	0	5	0	0	0	0	0	1	0	1	0	0	0	0	0	0
0	0	1	0	1	0	14	0	14	12	0	0	0	0	0	82	0	1801	0	15	0	0	0	0	0	1	0	1	0	0	0	0	0	0
0	0	1	0	1	0	14	0	14	16	0	0	0	0	0	83	0	1806	0	20	0	0	0	0	0	1	0	1	0	0	0	0	0	0
0	0	1	0	1	0	14	0	14	3	0	0	0	0	0	84	0	1807	0	18	0	0	0	0	0	1	0	1	0	0	0	0	0	0
0	0	1	0	1	0	14	0	14	14	0	0	0	0	0	85	0	1919	0	3	0	0	0	0	0	1	0	1	0	0	0	0	0	0
0	0	1	0	1	0	14	0	60	23	0	0	0	0	0	86	0	1947	0	24	0	0	0	0	0	1	0	1	0	0	0	0	0	0
0	0	1	0	1	0	14	0	14	19	0	0	0	0	0	87	0	1951	0	13	0	0	0	0	0	1	0	1	0	0	0	0	0	0
0	0	1	0	1	0	14	0	14	15	0	0	0	0	0	88	0	1952	0	7	0	0	0	0	0	1	0	1	0	0	0	0	0	0
0	0	1	0	1	0	14	0	14	10	0	0	0	0	0	89	0	1960	0	21	0	0	0	0	0	1	0	1	0	0	0	0	0	0
0	0	1	0	1	0	16	0	16	17	0	0	0	0	0	90	0	57	0	2	0	0	0	0	0	1	0	1	0	0	0	0	0	0
0	0	1	0	1	0	16	0	16	2	0	0	0	0	0	91	0	64	0	5	0	0	0	0	0	1	0	1	0	0	0	0	0	0
0	0	1	0	1	0	16	0	16	5	0	0	0	0	0	92	0	65	0	6	0	0	0	0	0	1	0	1	0	0	0	0	0	0
0	0	1	0	1	0	16	0	16	7	0	0	0	0	0	93	0	66	0	8	0	0	0	0	0	1	0	1	0	0	0	0	0	0
0	0	1	0	1	0	16	0	17	2	0	0	0	0	0	94	0	68	0	10	0	0	0	0	0	1	0	1	0	0	0	0	0	0
0	0	1	0	1	0	16	0	16	6	0	0	0	0	0	95	0	69	0	11	0	0	0	0	0	1	0	1	0	0	0	0	0	0
0	0	1	0	1	0	16	0	16	16	0	0	0	0	0	96	0	71	0	12	0	0	0	0	0	1	0	1	0	0	0	0	0	0
0	0	1	0	1	0	16	0	16	9	0	0	0	0	0	97	0	72	0	13	0	0	0	0	0	1	0	1	0	0	0	0	0	0
0	0	1	0	1	1	16	0	16	1	0	0	0	0	0	98	0	73	0	14	0	0	0	0	0	1	0	1	0	0	0	0	0	0
0	0	1	0	1	0	16	0	16	4	0	0	0	0	0	99	0	74	0	16	0	0	0	0	0	1	0	1	0	0	0	0	0	0
0	0	1	0	1	0	16	0	16	15	0	0	0	0	0	100	0	76	0	17	0	0	0	0	0	1	0	1	0	0	0	0	0	0
0	0	1	0	1	0	16	0	16	10	0	0	0	0	0	101	0	217	0	7	0	0	0	0	0	1	0	1	0	0	0	0	0	0
0	0	1	0	1	0	16	0	16	3	0	0	0	0	0	102	0	219	0	9	0	0	0	0	0	1	0	1	0	0	0	0	0	0
0	0	1	0	1	0	16	0	16	14	0	0	0	0	0	103	0	378	0	3	0	0	0	0	0	1	0	1	0	0	0	0	0	0
0	0	1	0	1	0	16	0	16	20	0	0	0	0	0	104	0	1530	0	1	0	0	0	0	0	1	0	1	0	0	0	0	0	0
0	0	1	0	1	1	16	0	17	1	0	0	0	0	0	105	0	1738	0	4	0	0	0	0	0	1	0	1	0	0	0	0	0	0
0	0	1	0	1	0	16	0	16	13	0	0	0	0	0	106	0	1809	0	18	0	0	0	0	0	1	0	1	0	0	0	0	0	0
0	0	1	0	1	0	16	0	17	7	0	0	0	0	0	107	0	111817	0	15	0	0	0	0	0	1	0	1	0	0	0	0	0	0
0	0	1	0	1	0	17	0	17	4	0	0	0	0	0	108	0	58	0	4	0	0	0	0	0	1	0	1	0	0	0	0	0	0
0	0	1	0	1	0	17	0	17	6	0	0	0	0	0	109	0	62	0	8	0	0	0	0	0	1	0	1	0	0	0	0	0	0
0	0	1	0	1	0	17	0	16	12	0	0	0	0	0	110	0	70	0	11	0	0	0	0	0	1	0	1	0	0	0	0	0	0
0	0	1	0	1	0	17	0	16	19	0	0	0	0	0	111	0	294	0	18	0	0	0	0	0	1	0	1	0	0	0	0	0	0
0	0	1	0	1	0	17	0	16	11	0	0	0	0	0	112	0	379	0	15	0	0	0	0	0	1	0	1	0	0	0	0	0	0
0	0	1	0	1	0	17	0	17	21	0	0	0	0	0	113	0	1739	0	10	0	0	0	0	0	1	0	1	0	0	0	0	0	0
0	0	1	0	1	0	17	0	17	10	0	0	0	0	0	114	0	1805	0	7	0	0	0	0	0	1	0	1	0	0	0	0	0	0
0	0	1	0	1	0	17	0	17	15	0	0	0	0	0	115	0	1814	0	9	0	0	0	0	0	1	0	1	0	0	0	0	0	0
0	0	1	0	1	0	17	0	16	8	0	0	0	0	0	116	0	1815	0	5	0	0	0	0	0	1	0	1	0	0	0	0	0	0
0	0	1	0	1	0	17	0	17	12	0	0	0	0	0	117	0	1816	0	2	0	0	0	0	0	1	0	1	0	0	0	0	0	0
0	0	1	0	1	0	17	0	17	8	0	0	0	0	0	118	0	1819	0	17	0	0	0	0	0	1	0	1	0	0	0	0	0	0
0	0	1	0	1	0	17	0	16	22	0	0	0	0	0	119	0	1823	0	12	0	0	0	0	0	1	0	1	0	0	0	0	0	0
0	0	1	0	1	0	17	0	17	13	0	0	0	0	0	120	0	110321	0	13	0	0	0	0	0	1	0	1	0	0	0	0	0	0
0	0	1	0	1	0	17	0	17	23	0	0	0	0	0	121	0	111273	0	14	0	0	0	0	0	1	0	1	0	0	0	0	0	0
0	0	1	0	1	0	17	0	17	20	0	0	0	0	0	122	0	111276	0	6	0	0	0	0	0	1	0	1	0	0	0	0	0	0
0	0	1	0	1	0	17	0	17	14	0	0	0	0	0	123	0	111659	0	16	0	0	0	0	0	1	0	1	0	0	0	0	0	0
0	0	1	0	1	0	17	0	17	24	0	0	0	0	0	124	0	131447	0	3	0	0	0	0	0	1	0	1	0	0	0	0	0	0
0	0	0	0	0	0	17	0	17	25	0	0	0	0	0	125	0	132680	0	2	0	0	0	0	0	0	0	0	0	0	0	0	0	0
0	0	1	0	1	1	19	0	19	1	0	0	0	0	0	126	0	21	0	3	0	0	0	0	0	1	0	1	0	0	0	0	0	0
0	0	1	0	1	0	19	0	19	2	0	0	0	0	0	127	0	22	0	4	0	0	0	0	0	1	0	1	0	0	0	0	0	0
0	0	1	0	1	0	19	0	19	10	0	0	0	0	0	128	0	23	0	5	0	0	0	0	0	1	0	1	0	0	0	0	0	0
0	0	1	0	1	0	19	0	19	5	0	0	0	0	0	129	0	25	0	8	0	0	0	0	0	1	0	1	0	0	0	0	0	0
0	0	1	0	1	0	19	0	20	3	0	0	0	0	0	130	0	28	0	9	0	0	0	0	0	1	0	1	0	0	0	0	0	0
0	0	1	0	1	0	19	0	19	11	0	0	0	0	0	131	0	31	0	7	0	0	0	0	0	1	0	1	0	0	0	0	0	0
0	0	1	0	1	0	19	0	19	6	0	0	0	0	0	132	0	32	0	2	0	0	0	0	0	1	0	1	0	0	0	0	0	0
0	0	1	0	1	0	19	0	19	16	0	0	0	0	0	133	0	36	0	15	0	0	0	0	0	1	0	1	0	0	0	0	0	0
0	0	1	0	1	0	19	0	19	13	0	0	0	0	0	134	0	38	0	17	0	0	0	0	0	1	0	1	0	0	0	0	0	0
0	0	1	0	1	0	19	0	19	9	0	0	0	0	0	135	0	169	0	12	0	0	0	0	0	1	0	1	0	0	0	0	0	0
0	0	1	0	1	0	19	0	19	8	0	0	0	0	0	136	0	175	0	18	0	0	0	0	0	1	0	1	0	0	0	0	0	0
0	0	1	0	1	0	19	0	19	7	0	0	0	0	0	137	0	1824	0	6	0	0	0	0	0	1	0	1	0	0	0	0	0	0
0	0	1	0	1	0	19	0	19	4	0	0	0	0	0	138	0	1831	0	16	0	0	0	0	0	1	0	1	0	0	0	0	0	0
0	0	1	0	1	0	19	0	19	12	0	0	0	0	0	139	0	10029	0	11	0	0	0	0	0	1	0	1	0	0	0	0	0	0
0	0	1	0	1	0	19	0	19	15	0	0	0	0	0	140	0	100409	0	1	0	0	0	0	0	1	0	1	0	0	0	0	0	0
0	0	1	0	1	0	19	0	20	5	0	0	0	0	0	141	0	110329	0	14	0	0	0	0	0	1	0	1	0	0	0	0	0	0
0	0	1	0	1	1	19	0	20	1	0	0	0	0	0	142	0	111235	0	10	0	0	0	0	0	1	0	1	0	0	0	0	0	0
0	0	1	0	1	0	19	0	19	3	0	0	0	0	0	143	0	112172	0	13	0	0	0	0	0	1	0	1	0	0	0	0	0	0
0	0	1	0	0	0	20	0	20	9	6	0	0	5	0	144	1	29	0	14	0	0	0	0	0	1	2	0	1	0	0	1	0	0
100	0	0	0	1	0	20	1	19	17	6	2	2	8	1	145	1	34	0	6	0	0	3	0	0	1	0	1	0	0	0	0	0	100
100	0	0	0	1	0	20	1	20	16	6	2	5	6	1	146	1	159	0	1	0	0	3	0	0	1	0	1	0	0	0	0	0	100
0	0	1	0	0	0	20	0	19	14	6	0	0	5	0	147	1	160	0	17	0	0	0	0	0	1	2	0	1	1	0	4	0	0
100	0	0	0	1	0	20	2	20	12	6	2	3	7	1	148	1	165	0	3	0	0	3	0	0	1	0	1	0	0	0	0	0	100
0	0	1	0	0	0	20	0	19	18	6	0	0	3	0	149	1	166	0	12	0	0	0	0	0	1	2	0	1	1	0	2	0	0
0	0	1	0	0	0	20	0	20	14	6	0	0	5	0	150	1	171	0	16	0	0	0	0	0	1	2	0	1	0	0	1	0	0
100	0	0	0	1	0	20	0	20	10	6	2	1	3	1	151	1	485	0	9	0	0	3	0	0	1	0	1	0	0	0	0	0	100
0	0	1	0	0	0	20	0	2076	6	6	0	0	3	0	152	1	503	0	10	0	0	0	0	0	1	2	0	1	2	0	3	0	0
0	0	1	0	0	0	20	0	2076	20	6	0	0	3	0	153	1	531	0	11	0	0	0	0	0	1	2	0	1	2	0	3	0	0
0	0	1	0	0	0	20	0	20	8	6	0	0	3	0	154	1	576	0	13	0	0	0	0	0	1	2	0	1	1	0	2	0	0
100	0	0	0	1	1	20	0	2076	1	6	2	1	3	1	155	1	580	0	8	0	0	3	0	0	1	0	1	0	0	0	0	0	100
100	0	0	0	1	0	20	2	20	7	6	2	3	8	1	156	1	1832	0	4	0	0	3	0	0	1	0	1	0	0	0	0	0	100
100	0	0	0	1	0	20	1	20	6	6	2	2	8	1	157	1	10030	0	5	0	0	3	0	0	1	0	1	0	0	0	0	0	100
100	0	0	0	1	0	20	0	20	15	6	2	0	3	0	158	1	110500	0	7	1	0	3	0	0	1	0	1	0	1	0	0	0	100
100	0	0	0	1	0	20	1	20	2	6	2	4	6	1	159	1	110502	0	2	0	0	3	0	0	1	0	1	0	0	0	0	0	100
0	0	1	0	0	0	20	1	20	11	6	0	0	5	0	160	1	110588	0	15	0	0	0	0	1	0	2	1	0	0	0	0	0	0
0	0	1	0	0	0	20	0	20	4	6	0	0	5	0	161	1	110636	0	18	0	0	0	0	0	1	2	0	1	1	0	5	0	0
0	0	1	0	1	0	31	0	31	7	0	0	0	0	0	162	0	45	0	10	0	0	0	0	0	1	0	1	0	0	0	0	0	0
0	0	1	0	1	1	31	0	31	10	0	0	0	0	0	163	0	48	0	13	0	0	0	0	0	1	0	1	0	0	0	0	0	0
0	0	1	0	1	0	31	0	31	4	0	0	0	0	0	164	0	50	0	14	0	0	0	0	0	1	0	1	0	0	0	0	0	0
0	0	1	0	1	0	31	0	31	5	0	0	0	0	0	165	0	52	0	16	0	0	0	0	0	1	0	1	0	0	0	0	0	0
0	0	1	0	1	0	31	0	31	10	0	0	0	0	0	166	0	54	0	18	0	0	0	0	0	1	0	1	0	0	0	0	0	0
0	0	1	0	1	0	31	0	31	12	0	0	0	0	0	167	0	55	0	19	0	0	0	0	0	1	0	1	0	0	0	0	0	0
0	0	1	0	1	0	31	0	31	9	0	0	0	0	0	168	0	189	0	3	0	0	0	0	0	1	0	1	0	0	0	0	0	0
0	0	1	0	1	0	31	0	31	17	0	0	0	0	0	169	0	206	0	20	0	0	0	0	0	1	0	1	0	0	0	0	0	0
0	0	1	0	1	0	31	0	31	16	0	0	0	0	0	170	0	347	0	12	0	0	0	0	0	1	0	1	0	0	0	0	0	0
0	0	1	0	1	0	31	0	31	13	0	0	0	0	0	171	0	1745	0	5	0	0	0	0	0	1	0	1	0	0	0	0	0	0
0	0	1	0	1	0	31	0	31	5	0	0	0	0	0	172	0	1842	0	4	0	0	0	0	0	1	0	1	0	0	0	0	0	0
0	0	1	0	1	0	31	0	31	8	0	0	0	0	0	173	0	110374	0	7	0	0	0	0	0	1	0	1	0	0	0	0	0	0
0	0	1	0	1	0	31	0	31	2	0	0	0	0	0	174	0	110556	0	8	0	0	0	0	0	1	0	1	0	0	0	0	0	0
0	0	1	0	1	0	31	0	32	11	0	0	0	0	0	175	0	110738	0	15	0	0	0	0	0	1	0	1	0	0	0	0	0	0
0	0	1	0	1	0	31	0	32	19	0	0	0	0	0	176	0	111434	0	6	0	0	0	0	0	1	2	1	0	0	0	0	0	0
0	0	1	0	1	1	31	0	32	13	0	0	0	0	0	177	0	111974	0	17	0	0	0	0	0	1	2	1	0	0	0	0	0	0
0	0	1	0	1	0	31	0	31	2	0	0	0	0	0	178	0	115841	0	11	0	0	0	0	0	1	0	1	0	0	0	0	0	0
0	0	1	0	1	0	31	0	31	5	0	0	0	0	0	179	0	115845	0	2	0	0	0	0	0	1	0	1	0	0	0	0	0	0
0	0	1	0	1	0	31	0	31	2	0	0	0	0	0	180	0	131681	0	1	0	0	0	0	0	1	0	1	0	0	0	0	0	0
0	0	1	0	1	0	31	0	31	1	0	0	0	0	0	181	0	131682	0	9	0	0	0	0	0	1	0	1	0	0	0	0	0	0
0	0	0	0	0	0	32	0	31	16	0	0	0	0	0	182	0	200	0	14	0	0	0	0	0	0	0	0	0	0	0	0	0	0
0	0	0	0	0	0	32	0	32	8	0	0	0	0	0	183	0	205	0	19	0	0	0	0	0	0	0	0	0	0	0	0	0	0
0	0	0	0	0	0	32	0	32	11	0	0	0	0	0	184	0	1744	0	11	0	0	0	0	0	0	2	0	0	0	0	0	0	0
0	0	0	0	0	0	32	0	31	14	0	0	0	0	0	185	0	1746	0	18	0	0	0	0	0	0	0	0	0	0	0	0	0	0
0	0	0	0	0	0	32	0	32	7	0	0	0	0	0	186	0	1837	0	18	0	0	0	0	0	0	1	0	0	0	0	0	0	0
0	0	0	0	0	0	32	0	32	8	0	0	0	0	0	187	0	1843	0	8	0	0	0	0	0	0	1	0	0	0	0	0	0	0
0	0	0	0	0	0	32	0	32	9	0	0	0	0	0	188	0	1848	0	9	0	0	0	0	0	0	1	0	0	0	0	0	0	0
0	0	0	0	0	0	32	0	32	17	0	0	0	0	0	189	0	2038	0	2	0	0	0	0	0	0	0	0	0	0	0	0	0	0
0	0	0	0	0	0	32	0	32	14	0	0	0	0	0	190	0	110740	0	13	0	0	0	0	0	0	2	0	0	0	0	0	0	0
0	0	0	0	0	0	32	0	32	6	0	0	0	0	0	191	0	110908	0	6	0	0	0	0	0	0	1	0	0	0	0	0	0	0
0	0	0	0	0	0	32	0	32	18	0	0	0	0	0	192	0	110912	0	17	0	0	0	0	0	0	0	0	0	0	0	0	0	0
0	0	0	0	0	0	32	0	32	7	0	0	0	0	0	193	0	110915	0	7	0	0	0	0	0	0	0	0	0	0	0	0	0	0
0	0	0	0	0	0	32	0	32	13	0	0	0	0	0	194	0	111433	0	14	0	0	0	0	0	0	1	0	0	0	0	0	0	0
0	0	0	0	0	0	32	0	32	15	0	0	0	0	0	195	0	111657	0	16	0	0	0	0	0	0	0	0	0	0	0	0	0	0
0	0	0	0	0	0	32	0	31	11	0	0	0	0	0	196	0	111811	0	20	0	0	0	0	0	0	0	0	0	0	0	0	0	0
0	0	0	0	0	0	32	0	32	5	0	0	0	0	0	197	0	112124	0	5	0	0	0	0	0	0	1	0	0	0	0	0	0	0
0	0	0	0	0	0	32	0	32	12	0	0	0	0	0	198	0	112493	0	12	0	0	0	0	0	0	1	0	0	0	0	0	0	0
0	0	0	0	0	0	32	0	32	10	0	0	0	0	0	199	0	112494	0	10	0	0	0	0	0	0	1	0	0	0	0	0	0	0
0	0	0	0	0	0	32	0	32	19	0	0	0	0	0	200	0	113147	0	10	0	0	0	0	0	0	0	0	0	0	0	0	0	0
0	0	0	0	0	0	32	0	32	3	0	0	0	0	0	201	0	113974	0	3	0	0	0	0	0	0	0	0	0	0	0	0	0	0
46	0	0	0	0	0	39	16	39	16	16	12020	24	13	8	202	25	687	13	7	4	0	44	0	2	0	2	0	3	17	4	20	4	56
6	0	0	0	0	0	39	22	39	28	14	10000	11	11	2	203	25	688	11	27	2	0	19	0	6	0	2	0	8	11	2	27	5	16
26	0	0	0	0	0	39	18	39	6	16	10200	31	12	8	204	25	689	11	19	1	0	33	0	2	0	2	0	8	8	4	18	2	40
6	0	0	0	0	0	39	18	39	20	16	1000	12	11	2	205	24	691	11	22	4	0	25	0	7	0	2	0	4	19	5	17	2	16
46	0	0	0	0	0	39	14	39	24	16	122	12	12	3	206	24	693	12	17	7	0	35	0	4	0	0	0	5	33	1	26	4	53
26	0	0	0	0	0	39	16	39	18	16	210	17	11	6	207	25	694	12	18	2	0	30	0	5	0	2	0	6	14	4	23	2	26
26	0	0	0	0	0	39	22	39	7	16	120	15	11	2	208	24	695	11	23	4	0	25	0	8	0	2	0	3	20	5	23	2	30
33	0	0	0	0	0	39	24	39	22	16	12010	20	11	3	209	24	696	11	25	3	0	24	0	5	0	2	0	7	16	2	21	4	40
0	0	0	0	0	0	39	18	39	8	0	0	14	0	3	210	24	697	0	30	0	0	16	0	6	0	1	0	8	14	5	30	2	0
46	0	0	0	0	0	39	23	39	25	16	22001	15	11	4	211	24	698	11	21	3	0	27	0	7	0	1	0	4	15	4	16	2	36
46	0	0	0	0	0	39	13	39	17	16	212	25	14	7	212	24	101112	14	4	6	0	45	0	2	0	0	0	3	17	4	13	2	46
80	0	0	0	0	0	39	12	39	14	16	22202	15	12	6	213	24	111065	12	16	3	0	31	0	5	0	0	0	6	11	3	18	1	56
66	0	0	0	0	0	39	14	39	11	16	22012	23	13	6	214	25	111138	13	6	6	0	44	0	3	0	0	0	2	19	5	14	3	60
26	0	0	0	0	0	39	24	39	3	13	1002	8	11	1	215	25	111139	11	29	3	0	18	0	7	0	0	0	8	15	3	22	3	33
46	0	0	0	0	0	39	16	39	15	16	20012	19	13	6	216	24	111140	13	10	4	0	37	0	2	0	0	0	5	14	2	16	5	46
60	0	0	0	0	0	39	14	39	21	16	12121	27	13	7	217	24	111144	13	8	3	0	38	0	1	0	1	0	5	12	4	21	4	60
26	0	0	0	0	0	39	14	39	27	16	1200	10	11	2	218	24	111651	11	24	3	0	21	0	7	0	2	0	6	15	2	18	4	26
13	0	0	0	0	0	39	21	39	26	16	10100	29	11	3	219	25	111928	11	20	4	0	29	0	3	0	2	0	7	18	2	23	6	33
66	0	0	0	0	0	39	14	39	2	16	2212	29	16	9	220	25	112134	16	1	6	0	50	0	1	0	0	0	4	14	2	10	3	66
53	0	0	0	0	0	39	19	39	13	16	11022	24	13	5	221	25	112606	13	11	6	0	41	0	4	0	0	0	2	22	5	14	3	46
66	0	0	0	0	0	39	10	39	5	16	20212	19	13	8	222	24	112828	12	15	3	0	38	0	3	0	0	0	5	15	5	19	0	56
26	0	0	0	0	0	39	22	39	23	16	11101	23	11	4	223	24	112885	11	26	0	0	21	0	4	0	1	0	7	6	4	23	5	33
66	0	0	0	0	0	39	16	39	12	16	22021	24	14	6	224	22	112893	13	9	6	0	42	0	2	0	1	0	2	25	3	18	3	66
66	0	0	0	0	1	39	10	39	1	16	22210	23	13	8	225	22	112996	13	12	2	0	36	0	3	0	2	0	3	16	4	18	2	60
20	0	0	0	0	0	39	18	39	29	14	200	15	11	3	226	24	113018	11	28	1	0	18	0	5	0	2	0	9	9	2	22	4	23
66	0	0	0	0	0	39	14	39	10	16	20221	21	15	7	227	25	113149	14	3	8	0	49	0	2	0	1	0	4	18	2	17	2	66
66	0	0	0	0	0	39	8	39	4	16	20122	8	12	4	228	23	114161	13	14	5	0	33	0	2	0	0	0	6	13	1	18	5	53
60	0	0	0	0	0	39	9	39	9	16	20220	26	13	9	229	25	114162	13	5	5	0	47	0	1	0	2	0	5	16	2	17	3	66
86	0	0	0	0	0	39	12	39	19	16	12222	25	13	9	230	25	114640	13	13	3	0	38	0	2	0	0	0	9	18	1	27	1	53
46	0	0	0	0	0	39	13	39	30	16	2012	24	13	7	231	25	131439	15	2	7	0	46	0	3	0	0	0	4	24	0	19	4	63
46	0	0	0	0	0	41	4	41	3	0	2120	14	8	5	232	18	298	8	5	3	0	30	0	0	1	2	0	4	10	2	17	4	40
46	0	0	0	0	0	41	12	41	11	0	12002	24	10	6	233	18	300	0	1	6	0	39	0	1	0	0	0	2	21	1	13	2	73
40	0	0	0	0	1	41	11	41	1	0	22	12	3	3	234	16	417	3	11	3	0	20	0	4	0	0	0	4	12	1	12	1	40
66	0	0	0	0	0	41	7	41	7	0	22201	11	10	5	235	16	418	8	4	5	0	32	0	2	0	1	0	2	17	1	15	1	83
100	0	0	0	0	0	41	8	41	2	0	22222	26	0	7	236	17	918	10	2	5	0	38	0	2	0	0	0	1	17	2	8	0	83
66	0	0	0	0	0	41	12	41	15	0	21202	18	8	6	237	17	919	10	3	4	0	33	0	1	0	0	0	3	13	1	13	2	56
46	0	0	0	0	0	41	13	41	6	0	10202	14	3	3	238	17	920	3	10	3	0	21	0	3	0	0	0	5	10	1	15	2	46
20	0	0	0	0	0	41	16	41	12	0	2	7	5	1	239	17	922	5	15	2	0	9	0	7	0	0	0	7	14	0	21	0	10
0	0	1	0	0	0	41	20	41	10	0	0	1	5	0	240	17	1463	5	16	0	0	2	0	6	0	2	0	9	4	0	24	2	3
26	0	0	0	0	0	41	14	41	16	0	12000	13	5	4	241	16	1523	5	13	1	0	18	0	3	0	2	0	5	8	2	15	1	50
33	0	0	0	0	0	41	15	41	13	0	10120	10	5	2	242	16	1756	5	14	2	0	17	0	3	0	2	0	4	8	2	13	3	43
60	0	0	0	0	0	41	5	41	14	0	20220	25	8	8	243	16	1757	8	6	1	0	27	0	0	1	2	0	7	7	0	17	0	50
53	0	0	0	0	0	41	10	41	17	0	20121	17	3	6	244	18	2041	3	7	1	0	26	0	3	0	1	0	3	6	4	10	1	33
33	0	0	0	0	0	41	13	41	8	0	21100	14	3	2	245	16	112199	3	9	3	0	22	0	3	0	2	0	1	12	4	8	3	36
20	0	0	0	0	0	41	12	41	6	0	11100	7	3	2	246	17	113459	3	12	3	0	19	0	4	0	2	0	4	11	2	19	2	30
86	0	0	0	0	0	41	10	41	18	0	12222	17	3	4	247	16	131491	3	8	3	0	24	0	3	0	0	0	3	12	2	10	1	66
0	0	1	0	0	0	50	0	50	3	0	0	0	5	0	248	1	77	0	12	0	0	0	0	0	1	2	0	1	0	0	2	0	0
100	0	0	0	1	1	50	0	50	1	0	2	1	10	1	249	1	78	0	3	0	0	3	0	0	1	0	1	0	0	0	0	0	100
33	0	1	0	1	0	50	2	50	13	0	1	2	10	0	250	1	79	0	4	0	0	1	0	0	1	1	1	0	0	0	0	1	33
100	0	0	0	1	0	50	0	50	4	0	2	2	0	1	251	1	80	0	1	0	0	3	0	0	1	0	1	0	0	0	0	0	100
100	0	0	0	1	0	50	0	50	5	0	2	0	10	0	252	1	81	0	2	1	0	3	0	0	1	0	1	0	2	0	1	0	100
33	0	1	0	1	0	50	2	50	10	0	1	2	3	0	253	1	82	0	7	0	0	1	0	0	1	1	1	0	0	0	0	1	33
33	0	1	0	1	0	50	1	50	7	0	1	1	3	0	254	1	83	0	8	0	0	1	0	0	1	1	1	0	0	0	0	1	33
33	0	1	0	1	0	50	0	50	2	0	1	0	3	0	255	1	86	0	9	0	0	1	0	0	1	1	1	0	1	1	1	0	33
0	0	1	0	0	0	50	2	50	12	0	0	1	5	0	256	1	180	0	10	0	0	0	0	1	0	2	1	0	0	0	0	0	0
33	0	1	0	1	0	50	0	50	4	0	1	0	8	0	257	1	181	0	6	0	0	1	0	0	1	1	1	0	2	1	2	0	33
33	0	1	0	1	0	50	0	50	8	0	1	0	8	0	258	1	621	0	5	0	0	1	0	0	1	1	1	0	2	1	2	0	33
0	0	1	0	0	0	50	0	50	6	0	0	0	5	0	259	1	100805	0	11	0	0	0	0	0	1	2	0	1	0	0	1	0	0
0	0	1	0	1	0	53	0	53	3	0	0	0	0	0	260	0	240	0	3	0	0	0	0	0	1	0	1	0	0	0	0	0	0
0	0	1	0	1	1	53	0	53	1	0	0	0	0	0	261	0	241	0	4	0	0	0	0	0	1	0	1	0	0	0	0	0	0
0	0	1	0	1	0	53	0	53	2	0	0	0	0	0	262	0	243	0	15	0	0	0	0	0	1	0	1	0	0	0	0	0	0
0	0	1	0	1	0	53	0	53	8	0	0	0	0	0	263	0	448	0	2	0	0	0	0	0	1	0	1	0	0	0	0	0	0
0	0	1	0	1	0	53	0	53	6	0	0	0	0	0	264	0	449	0	14	0	0	0	0	0	1	0	1	0	0	0	0	0	0
0	0	1	0	1	0	53	0	53	13	0	0	0	0	0	265	0	450	0	5	0	0	0	0	0	1	0	1	0	0	0	0	0	0
0	0	1	0	1	0	53	0	53	19	0	0	0	0	0	266	0	452	0	7	0	0	0	0	0	1	0	1	0	0	0	0	0	0
0	0	1	0	1	0	53	0	53	9	0	0	0	0	0	267	0	453	0	11	0	0	0	0	0	1	0	1	0	0	0	0	0	0
0	0	1	0	1	0	53	0	53	4	0	0	0	0	0	268	0	457	0	17	0	0	0	0	0	1	0	1	0	0	0	0	0	0
0	0	1	0	1	0	53	0	53	16	0	0	0	0	0	269	0	461	0	19	0	0	0	0	0	1	0	1	0	0	0	0	0	0
0	0	1	0	1	0	53	0	54	4	0	0	0	0	0	270	0	463	0	1	0	0	0	0	0	1	0	1	0	0	0	0	0	0
0	0	1	0	1	0	53	0	53	20	0	0	0	0	0	271	0	468	0	6	0	0	0	0	0	1	0	1	0	0	0	0	0	0
0	0	1	0	1	0	53	0	53	7	0	0	0	0	0	272	0	479	0	12	0	0	0	0	0	1	0	1	0	0	0	0	0	0
0	0	1	0	1	0	53	0	53	11	0	0	0	0	0	273	0	480	0	13	0	0	0	0	0	1	0	1	0	0	0	0	0	0
0	0	1	0	1	0	53	0	53	12	0	0	0	0	0	274	0	481	0	18	0	0	0	0	0	1	0	1	0	0	0	0	0	0
0	0	1	0	1	0	53	0	53	5	0	0	0	0	0	275	0	483	0	20	0	0	0	0	0	1	0	1	0	0	0	0	0	0
0	0	1	0	1	0	53	0	54	3	0	0	0	0	0	276	0	1853	0	10	0	0	0	0	0	1	0	1	0	0	0	0	0	0
0	0	1	0	1	0	53	0	53	15	0	0	0	0	0	277	0	1860	0	8	0	0	0	0	0	1	0	1	0	0	0	0	0	0
0	0	1	0	1	0	53	0	53	10	0	0	0	0	0	278	0	110062	0	9	0	0	0	0	0	1	0	1	0	0	0	0	0	0
0	0	1	0	1	0	53	0	54	8	0	0	0	0	0	279	0	110827	0	16	0	0	0	0	0	1	0	1	0	0	0	0	0	0
0	0	1	0	1	0	54	0	53	19	0	0	0	0	0	280	0	242	0	9	0	0	0	0	0	1	0	1	0	0	0	0	0	0
0	0	1	0	1	0	54	0	54	13	0	0	0	0	0	281	0	244	0	21	0	0	0	0	0	1	0	1	0	0	0	0	0	0
0	0	1	0	1	0	54	0	54	11	0	0	0	0	0	282	0	456	0	18	0	0	0	0	0	1	0	1	0	0	0	0	0	0
0	0	1	0	1	0	54	0	54	17	0	0	0	0	0	283	0	459	0	22	0	0	0	0	0	1	0	1	0	0	0	0	0	0
0	0	1	0	1	0	54	0	53	18	0	0	0	0	0	284	0	462	0	20	0	0	0	0	0	1	0	1	0	0	0	0	0	0
0	0	1	0	1	0	54	0	54	5	0	0	0	0	0	285	0	467	0	10	0	0	0	0	0	1	0	1	0	0	0	0	0	0
0	0	1	0	1	0	54	0	54	2	0	0	0	0	0	286	0	472	0	14	0	0	0	0	0	1	0	1	0	0	0	0	0	0
0	0	1	0	1	0	54	0	54	18	0	0	0	0	0	287	0	573	0	16	0	0	0	0	0	1	0	1	0	0	0	0	0	0
0	0	1	0	1	0	54	0	54	6	0	0	0	0	0	288	0	1854	0	1	0	0	0	0	0	1	0	1	0	0	0	0	0	0
0	0	1	0	1	0	54	0	53	17	0	0	0	0	0	289	0	1861	0	2	0	0	0	0	0	1	0	1	0	0	0	0	0	0
0	0	1	0	1	0	54	0	54	20	0	0	0	0	0	290	0	1867	0	8	0	0	0	0	0	1	0	1	0	0	0	0	0	0
0	0	1	0	1	0	54	0	54	21	0	0	0	0	0	291	0	1894	0	6	0	0	0	0	0	1	0	1	0	0	0	0	0	0
0	0	1	0	1	0	54	0	53	14	0	0	0	0	0	292	0	1968	0	4	0	0	0	0	0	1	0	1	0	0	0	0	0	0
0	0	1	0	1	0	54	0	54	12	0	0	0	0	0	293	0	10846	0	3	0	0	0	0	0	1	0	1	0	0	0	0	0	0
0	0	1	0	1	0	54	0	54	22	0	0	0	0	0	294	0	15012	0	7	0	0	0	0	0	1	0	1	0	0	0	0	0	0
0	0	1	0	1	0	54	0	54	23	0	0	0	0	0	295	0	100852	0	5	0	0	0	0	0	1	0	1	0	0	0	0	0	0
0	0	1	0	1	0	54	0	54	14	0	0	0	0	0	296	0	100888	0	15	0	0	0	0	0	1	0	1	0	0	0	0	0	0
0	0	1	0	1	0	54	0	54	16	0	0	0	0	0	297	0	110069	0	17	0	0	0	0	0	1	0	1	0	0	0	0	0	0
0	0	1	0	1	0	54	0	54	24	0	0	0	0	0	298	0	110711	0	19	0	0	0	0	0	1	0	1	0	0	0	0	0	0
0	0	1	0	1	1	54	0	54	1	0	0	0	0	0	299	0	110832	0	12	0	0	0	0	0	1	0	1	0	0	0	0	0	0
0	0	1	0	1	0	54	0	54	15	0	0	0	0	0	300	0	110839	0	13	0	0	0	0	0	1	0	1	0	0	0	0	0	0
0	0	1	0	1	0	54	0	54	7	0	0	0	0	0	301	0	114554	0	11	0	0	0	0	0	1	0	1	0	0	0	0	0	0
60	0	0	0	0	0	56	10	56	13	0	20202	13	3	4	302	18	319	3	7	5	0	28	0	4	0	0	0	4	14	0	16	1	60
73	0	0	0	0	1	56	5	56	1	0	11222	15	8	5	303	18	320	8	4	4	0	33	0	1	0	0	0	2	13	4	9	2	63
33	0	0	0	0	0	56	17	56	12	0	20101	11	3	4	304	18	321	3	12	1	0	18	0	4	0	1	0	6	4	2	18	1	26
46	0	0	0	0	0	56	4	56	3	0	20201	14	8	5	305	18	433	8	5	4	0	33	0	0	1	1	0	3	10	3	12	3	43
60	0	0	0	0	0	56	15	56	7	0	2022	22	10	6	306	18	700	10	3	5	0	35	0	2	0	0	0	3	11	1	8	1	63
26	0	0	0	0	0	56	16	56	11	0	210	14	3	3	307	18	702	3	11	2	0	19	0	5	0	2	0	4	15	3	19	1	30
80	0	0	0	0	0	56	7	56	2	0	22022	20	10	8	308	18	708	10	2	4	0	39	0	1	0	0	0	2	14	2	9	1	73
66	0	0	0	0	0	56	9	56	4	0	20221	12	3	3	309	18	710	3	8	4	0	26	0	2	0	1	0	4	10	0	10	5	50
46	0	0	0	0	0	56	23	56	8	0	22100	18	3	3	310	18	711	3	10	3	0	22	0	5	0	2	0	3	8	2	10	2	40
13	0	0	0	0	0	56	11	56	15	0	11	5	5	1	311	18	1870	5	14	2	0	14	0	5	0	1	0	5	8	3	13	2	36
73	0	0	0	0	0	56	6	56	6	0	12221	12	8	4	312	18	111594	8	6	4	0	32	0	1	0	1	0	1	17	5	9	3	80
60	0	0	0	0	0	56	17	56	10	0	22002	14	3	3	313	18	111705	3	9	4	0	22	0	6	0	0	0	4	15	1	12	0	40
86	0	0	0	0	0	56	5	56	5	0	12222	17	0	7	314	18	112072	0	1	6	0	43	0	0	1	0	0	1	18	2	9	2	86
26	0	0	0	0	0	56	16	56	14	0	2001	11	5	1	315	18	112126	5	16	0	0	8	0	5	0	1	0	7	6	1	17	4	23
6	0	0	0	0	0	56	12	56	9	0	1	9	5	2	316	18	113458	5	13	1	0	14	0	5	0	1	0	5	14	3	19	2	16
6	0	0	0	0	0	56	17	56	16	0	10	5	5	1	317	18	113892	5	15	3	0	14	0	6	0	2	0	6	13	0	22	2	13
0	0	1	0	0	0	60	0	60	5	6	0	0	4	0	318	1	4	0	22	0	0	0	0	0	1	2	0	1	0	0	2	0	0
100	0	0	0	1	1	60	0	61	5	6	2	1	3	1	319	1	142	0	11	0	0	3	0	0	1	0	1	0	0	0	0	0	100
0	0	1	0	0	0	60	0	60	14	6	0	0	5	0	320	1	143	0	19	0	0	0	0	0	1	2	0	1	0	0	1	0	0
100	0	0	0	1	0	60	0	60	11	6	2	2	7	1	321	1	149	0	4	0	0	3	0	0	1	0	1	0	0	0	0	0	100
100	0	0	0	1	0	60	0	60	2	6	2	0	7	0	322	1	361	0	6	1	0	3	0	0	1	0	1	0	3	0	2	0	100
0	0	1	0	0	0	60	0	60	22	6	0	0	4	0	323	1	1793	0	23	0	0	0	0	0	1	2	0	1	0	0	2	0	0
100	0	0	0	1	0	60	1	60	19	6	2	2	3	1	324	1	1797	0	10	0	0	3	0	0	1	0	1	0	0	0	0	0	100
100	0	0	0	1	0	60	1	61	9	6	2	2	8	1	325	1	1804	0	7	0	0	3	0	0	1	0	1	0	0	0	0	0	100
100	0	0	0	1	0	60	1	60	24	6	2	3	7	1	326	1	1917	0	3	0	0	3	0	0	1	0	1	0	0	0	0	0	100
100	0	0	0	1	0	60	0	14	3	6	2	1	3	1	327	1	1923	0	12	0	0	3	0	0	1	0	1	0	0	0	0	0	100
0	0	1	0	0	0	60	3	60	23	6	0	2	3	0	328	1	1926	0	13	0	0	0	0	1	0	2	1	0	0	0	0	0	0
0	0	1	0	0	0	60	0	61	23	6	0	0	3	0	329	1	1928	0	16	0	0	0	0	0	1	2	0	1	1	0	2	0	0
0	0	1	0	0	0	60	3	14	1	6	0	1	4	0	330	1	1929	0	21	0	0	0	0	1	0	2	1	0	0	0	0	0	0
0	0	1	0	0	0	60	0	60	3	6	0	0	5	0	331	1	1930	0	20	0	0	0	0	0	1	2	0	1	1	0	3	0	0
100	0	0	0	1	0	60	0	60	4	6	2	2	7	1	332	1	1931	0	5	0	0	3	0	0	1	0	1	0	0	0	0	0	100
100	0	0	0	1	0	60	0	60	4	6	2	0	6	0	333	1	1932	0	2	1	0	3	0	0	1	0	1	0	3	0	1	0	100
0	0	1	0	0	0	60	0	60	9	6	0	0	5	0	334	1	1933	0	17	0	0	0	0	0	1	2	0	1	1	0	2	0	0
0	0	1	0	0	0	60	0	60	6	6	0	0	3	0	335	1	1938	0	15	0	0	0	0	0	1	2	0	1	1	0	2	0	0
100	0	0	0	1	0	60	0	60	18	6	2	3	6	1	336	1	1939	0	1	0	0	3	0	0	1	0	1	0	0	0	0	0	100
0	0	1	0	0	0	60	0	60	8	6	0	0	3	0	337	1	1940	0	14	0	0	0	0	0	1	2	0	1	1	0	2	0	0
0	0	1	0	0	0	60	0	60	1	6	0	0	4	0	338	1	1958	0	24	0	0	0	0	0	1	2	0	1	0	0	3	0	0
100	0	0	0	1	0	60	1	14	21	6	2	2	3	1	339	1	1961	0	9	0	0	3	0	0	1	0	1	0	0	0	0	0	100
100	0	0	0	1	0	60	1	60	15	6	2	2	8	1	340	1	15015	0	8	0	0	3	0	0	1	0	1	0	0	0	0	0	100
0	0	1	0	0	0	60	0	61	10	6	0	0	5	0	341	1	112259	0	18	0	0	0	0	0	1	2	0	1	0	0	1	0	0
100	0	0	0	1	0	61	0	61	21	6	2	3	6	1	342	1	92	0	1	0	0	3	0	0	1	0	1	0	0	0	0	0	100
100	0	0	0	1	0	61	0	61	6	6	2	0	6	0	343	1	121	0	2	1	0	3	0	0	1	0	1	0	3	0	1	0	100
33	0	1	0	1	0	61	0	60	12	6	1	0	5	0	344	1	127	0	17	0	0	1	0	0	1	1	1	0	0	0	0	1	33
0	0	1	0	0	0	61	2	61	25	6	0	0	5	0	345	1	135	0	23	0	0	0	0	1	0	2	1	0	0	0	0	0	0
0	0	1	0	0	0	61	0	61	8	6	0	0	5	0	346	1	381	0	19	0	0	0	0	0	1	2	0	1	0	0	1	0	0
33	0	1	0	1	0	61	0	61	4	6	1	0	3	0	347	1	1798	0	15	0	0	1	0	0	1	1	1	0	0	0	0	1	33
33	0	1	0	1	0	61	0	61	12	6	1	0	8	0	348	1	1802	0	8	0	0	1	0	0	1	1	1	0	1	1	1	0	33
100	0	0	0	1	0	61	1	61	11	6	2	2	7	1	349	1	1803	0	4	0	0	3	0	0	1	0	1	0	0	0	0	0	100
33	0	1	0	1	0	61	0	61	26	6	1	0	3	0	350	1	1920	0	16	0	0	1	0	0	1	1	1	0	0	1	0	0	33
100	0	0	0	1	0	61	0	61	24	6	2	1	7	1	351	1	1924	0	7	0	0	3	0	0	1	0	1	0	0	0	0	0	100
0	0	1	0	0	0	61	0	61	19	6	0	0	5	0	352	1	1934	0	18	0	0	0	0	0	1	2	0	1	1	0	2	0	0
33	0	1	0	1	0	61	1	61	22	6	1	1	3	0	353	1	1935	0	12	0	0	1	0	0	1	1	1	0	0	0	0	1	33
0	0	1	0	0	0	61	0	61	21	6	0	0	5	0	354	1	1936	0	21	0	0	0	0	0	1	2	0	1	0	0	1	0	0
33	0	1	0	1	0	61	0	61	14	6	1	0	8	0	355	1	1937	0	9	0	0	1	0	0	1	1	1	0	1	1	1	0	33
100	0	0	0	1	0	61	0	60	20	6	2	1	7	1	356	1	1944	0	6	0	0	3	0	0	1	0	1	0	0	0	0	0	100
0	0	1	0	0	0	61	1	60	17	6	0	0	5	0	357	1	1962	0	20	0	0	0	0	1	0	2	1	0	0	0	0	0	0
33	0	1	0	1	0	61	0	61	16	6	1	0	3	0	358	1	15048	0	10	0	0	1	0	0	1	1	1	0	1	1	1	0	33
33	0	1	0	1	0	61	1	61	17	6	1	1	3	0	359	1	110313	0	11	0	0	1	0	0	1	1	1	0	0	0	0	1	33
0	0	1	0	0	0	61	0	60	22	6	0	0	5	0	360	1	110890	0	24	0	0	0	0	0	1	2	0	1	0	0	3	0	0
100	0	0	0	1	0	61	0	61	13	6	2	0	7	0	361	1	112222	0	5	1	0	3	0	0	1	0	1	0	1	0	0	0	100
33	0	1	0	1	0	61	1	61	18	6	1	1	3	0	362	1	112254	0	13	0	0	1	0	0	1	1	1	0	0	0	0	1	33
100	0	0	0	1	0	61	0	61	22	6	2	0	6	0	363	1	112260	0	3	1	0	3	0	0	1	0	1	0	2	0	0	0	100
33	0	1	0	1	0	61	0	61	23	6	1	0	3	0	364	1	112764	0	14	0	0	1	0	0	1	1	1	0	0	1	0	0	33
0	0	1	0	0	0	61	3	61	20	6	0	1	5	0	365	1	113926	0	22	0	0	0	0	1	0	2	1	0	0	0	0	0	0
40	0	0	0	0	0	65	10	65	6	0	11210	17	10	8	366	26	305	10	2	5	0	42	0	4	0	2	0	6	14	2	14	1	50
66	0	0	0	0	1	65	7	65	1	0	20212	27	0	9	367	26	306	0	1	6	0	52	0	1	0	0	0	3	19	4	16	3	76
26	0	0	0	0	0	65	18	65	10	10	10002	15	4	3	368	26	422	5	10	0	0	18	0	4	0	0	0	10	12	2	28	7	20
33	0	0	0	0	0	65	11	65	4	0	112	18	3	5	369	26	423	8	6	4	0	35	0	2	0	0	0	7	11	2	16	6	33
46	0	0	0	0	0	65	13	65	2	0	22010	25	10	7	370	26	445	10	3	5	0	41	0	3	0	2	0	6	11	2	16	3	46
53	0	0	0	0	0	65	19	65	5	0	11220	16	5	4	371	26	563	4	9	3	0	26	0	7	0	2	0	7	17	2	24	3	46
40	0	0	0	0	0	65	22	65	6	0	220	15	3	5	372	26	753	3	7	5	0	33	0	6	0	2	0	7	17	1	24	2	40
53	0	0	0	0	0	65	14	65	7	0	1122	17	3	5	373	26	834	3	5	4	0	38	0	4	0	0	0	2	15	7	13	4	53
6	0	0	0	0	0	65	17	65	11	0	10000	17	5	5	374	26	1571	5	8	2	0	29	0	5	0	2	0	6	12	6	18	2	30
66	0	0	0	0	0	65	10	65	8	0	21022	17	8	6	375	26	1572	3	4	4	0	41	0	2	0	0	0	3	13	7	15	4	53
66	0	0	0	0	0	66	0	66	12	0	202	4	8	2	376	3	301	0	4	0	0	6	0	0	1	0	0	1	2	0	3	0	66
66	0	0	0	0	0	66	1	66	6	0	220	2	8	1	377	3	420	0	5	1	0	6	0	0	1	2	0	1	2	0	2	0	66
66	0	0	0	0	1	66	5	66	3	0	22	3	8	1	378	3	873	0	6	1	0	6	0	1	0	0	1	0	4	0	3	0	66
100	0	0	0	1	0	66	0	66	6	0	222	4	0	2	379	3	1569	0	1	1	0	9	0	0	1	0	1	0	2	0	1	0	100
66	0	0	0	1	0	66	0	66	2	0	21	0	3	0	380	2	1871	0	8	1	0	4	0	0	1	1	1	0	2	0	0	1	66
11	0	1	0	0	0	66	3	66	15	0	10	2	5	0	381	3	110206	0	15	0	0	1	0	1	0	2	0	1	0	0	3	1	11
50	0	0	0	0	0	66	6	66	14	0	2	3	3	1	382	2	110745	0	12	0	0	3	0	1	0	0	1	0	0	0	0	0	50
44	0	0	0	0	0	66	1	66	4	0	21	4	3	1	383	3	110746	0	9	0	0	4	0	0	1	1	0	1	2	1	6	0	44
77	0	0	0	1	0	66	2	66	7	0	221	4	10	1	384	3	110747	0	3	1	0	7	0	0	1	1	1	0	4	0	1	1	77
22	0	1	0	0	0	66	1	66	9	0	11	1	5	0	385	3	110749	0	13	0	0	2	0	0	1	1	0	1	2	1	3	1	22
22	0	1	0	0	0	66	1	66	16	0	11	1	5	0	386	3	111082	0	14	0	0	2	0	0	1	1	0	1	0	1	1	1	22
11	0	1	0	0	0	66	2	66	13	0	1	0	4	0	387	3	111083	0	16	0	0	1	0	1	0	1	0	1	1	1	3	0	11
0	0	1	0	0	0	66	1	66	5	0	0	0	4	0	388	2	111086	0	17	0	0	0	0	1	0	2	0	1	0	0	2	0	0
77	0	0	0	1	0	66	2	66	10	0	212	8	10	2	389	3	111088	0	2	0	0	7	0	0	1	0	1	0	1	1	1	0	77
11	0	1	0	0	0	66	4	66	17	0	1	3	4	0	390	3	111091	0	18	0	0	0	0	1	0	1	0	1	3	1	4	0	11
50	0	0	0	0	0	66	0	66	18	0	20	1	3	1	391	2	111097	0	11	0	0	3	0	0	1	2	0	1	1	0	4	0	50
44	0	0	0	0	0	66	1	66	19	0	201	1	3	0	392	3	112510	0	7	1	0	4	0	0	1	1	0	1	4	0	2	1	44
33	0	0	0	0	0	66	2	66	1	0	200	1	3	0	393	3	114326	0	10	1	0	3	0	1	0	2	0	1	2	0	3	0	33
0	0	1	0	1	1	68	0	68	1	0	0	0	0	0	394	0	325	0	7	0	0	0	0	0	1	0	1	0	0	0	0	0	0
0	0	1	0	1	0	68	0	68	2	0	0	0	0	0	395	0	326	0	6	0	0	0	0	0	1	0	1	0	0	0	0	0	0
0	0	1	0	1	0	68	0	68	3	0	0	0	0	0	396	0	327	0	3	0	0	0	0	0	1	0	1	0	0	0	0	0	0
0	0	1	0	1	0	68	0	68	6	0	0	0	0	0	397	0	436	0	18	0	0	0	0	0	1	0	1	0	0	0	0	0	0
0	0	1	0	1	0	68	0	68	13	0	0	0	0	0	398	0	741	0	2	0	0	0	0	0	1	0	1	0	0	0	0	0	0
0	0	1	0	1	0	68	0	68	18	0	0	0	0	0	399	0	748	0	17	0	0	0	0	0	1	0	1	0	0	0	0	0	0
0	0	1	0	1	0	68	0	68	5	0	0	0	0	0	400	0	101014	0	11	0	0	0	0	0	1	0	1	0	0	0	0	0	0
0	0	1	0	1	0	68	0	68	9	0	0	0	0	0	401	0	101020	0	13	0	0	0	0	0	1	0	1	0	0	0	0	0	0
0	0	1	0	1	0	68	0	68	20	0	0	0	0	0	402	0	101025	0	9	0	0	0	0	0	1	0	1	0	0	0	0	0	0
0	0	1	0	1	0	68	0	68	2	0	0	0	0	0	403	0	101026	0	10	0	0	0	0	0	1	0	1	0	0	0	0	0	0
0	0	1	0	1	0	68	0	68	21	0	0	0	0	0	404	0	101032	0	14	0	0	0	0	0	1	0	1	0	0	0	0	0	0
0	0	1	0	1	0	68	0	68	8	0	0	0	0	0	405	0	101033	0	15	0	0	0	0	0	1	0	1	0	0	0	0	0	0
0	0	1	0	1	0	68	0	68	19	0	0	0	0	0	406	0	101037	0	16	0	0	0	0	0	1	0	1	0	0	0	0	0	0
0	0	1	0	1	0	68	0	68	16	0	0	0	0	0	407	0	110776	0	8	0	0	0	0	0	1	0	1	0	0	0	0	0	0
0	0	1	0	1	0	68	0	68	7	0	0	0	0	0	408	0	111117	0	5	0	0	0	0	0	1	0	1	0	0	0	0	0	0
0	0	1	0	1	0	68	0	68	10	0	0	0	0	0	409	0	111339	0	12	0	0	0	0	0	1	0	1	0	0	0	0	0	0
0	0	1	0	1	0	68	0	68	14	0	0	0	0	0	410	0	113142	0	1	0	0	0	0	0	1	0	1	0	0	0	0	0	0
0	0	1	0	1	0	68	0	68	22	0	0	0	0	0	411	0	131174	0	4	0	0	0	0	0	1	0	1	0	0	0	0	0	0
0	0	0	0	0	1	76	0	76	1	0	0	0	0	0	412	0	211	0	1	0	0	0	0	0	0	0	0	0	0	0	0	0	0
0	0	0	0	0	0	76	0	76	1	0	0	0	0	0	413	0	263	0	1	0	0	0	0	0	0	0	0	0	0	0	0	0	0
0	0	0	0	0	0	76	0	76	1	0	0	0	0	0	414	0	266	0	1	0	0	0	0	0	0	0	0	0	0	0	0	0	0
0	0	0	0	0	0	76	0	76	1	0	0	0	0	0	415	0	267	0	1	0	0	0	0	0	0	0	0	0	0	0	0	0	0
0	0	0	0	0	0	76	0	76	1	0	0	0	0	0	416	0	278	0	1	0	0	0	0	0	0	0	0	0	0	0	0	0	0
0	0	0	0	0	0	76	0	76	3	0	0	0	0	0	417	0	280	0	1	0	0	0	0	0	0	0	0	0	0	0	0	0	0
0	0	0	0	0	0	76	0	76	1	0	0	0	0	0	418	0	393	0	1	0	0	0	0	0	0	0	0	0	0	0	0	0	0
0	0	0	0	0	1	76	0	76	1	0	0	0	0	0	419	0	1874	0	1	0	0	0	0	0	0	0	0	0	0	0	0	0	0
0	0	0	0	0	0	76	0	76	1	0	0	0	0	0	420	0	1884	0	1	0	0	0	0	0	0	0	0	0	0	0	0	0	0
0	0	0	0	0	0	76	0	76	1	0	0	0	0	0	421	0	100135	0	1	0	0	0	0	0	0	0	0	0	0	0	0	0	0
0	0	0	0	0	1	76	0	76	1	0	0	0	0	0	422	0	100325	0	1	0	0	0	0	0	0	0	0	0	0	0	0	0	0
0	0	0	0	0	0	76	0	76	1	0	0	0	0	0	423	0	101047	0	1	0	0	0	0	0	0	0	0	0	0	0	0	0	0
0	0	0	0	0	0	76	0	76	1	0	0	0	0	0	424	0	101059	0	1	0	0	0	0	0	0	0	0	0	0	0	0	0	0
0	0	0	0	0	1	76	0	76	1	0	0	0	0	0	425	0	110468	0	1	0	0	0	0	0	0	0	0	0	0	0	0	0	0
0	0	0	0	0	0	76	0	1014	2	0	0	0	0	0	426	0	110975	0	1	0	0	0	0	0	0	0	0	0	0	0	0	0	0
0	0	0	0	0	0	76	0	76	2	0	0	0	0	0	427	0	111596	0	1	0	0	0	0	0	0	0	0	0	0	0	0	0	0
0	0	0	0	0	1	76	0	76	1	0	0	0	0	0	428	0	111701	0	1	0	0	0	0	0	0	0	0	0	0	0	0	0	0
0	0	0	0	0	0	76	0	76	5	0	0	0	0	0	429	0	113888	0	1	0	0	0	0	0	0	0	0	0	0	0	0	0	0
0	0	0	0	0	0	78	0	78	2	0	0	0	0	0	430	0	1318	0	4	0	0	1812	0	0	0	0	0	0	0	0	0	0	0
0	0	0	0	0	0	78	0	78	2	0	0	0	0	0	431	0	1328	0	12	0	0	1701	0	0	0	0	0	0	0	0	0	0	0
0	0	0	0	0	0	78	0	78	2	0	0	0	0	0	432	0	1330	0	47	0	0	1473	0	0	0	0	0	0	0	0	0	0	0
0	0	0	0	0	0	78	0	78	2	0	0	0	0	0	433	0	1331	0	21	0	0	1591	0	0	0	0	0	0	0	0	0	0	0
0	0	0	0	0	0	78	0	78	2	0	0	0	0	0	434	0	1334	0	63	0	0	1393	0	0	0	0	0	0	0	0	0	0	0
0	0	0	0	0	0	78	0	78	2	0	0	0	0	0	435	0	1335	0	2	0	0	1854	0	0	0	0	0	0	0	0	0	0	0
0	0	0	0	0	0	78	0	78	2	0	0	0	0	0	436	0	1337	0	13	0	0	1686	0	0	0	0	0	0	0	0	0	0	0
0	0	0	0	0	0	78	0	78	2	0	0	0	0	0	437	0	1341	0	71	0	0	1353	0	0	0	0	0	0	0	0	0	0	0
0	0	0	0	0	0	78	0	78	2	0	0	0	0	0	438	0	1343	0	10	0	0	1714	0	0	0	0	0	0	0	0	0	0	0
0	0	0	0	0	0	78	0	78	2	0	0	0	0	0	439	0	1352	0	50	0	0	1466	0	0	0	0	0	0	0	0	0	0	0
0	0	0	0	0	0	78	0	78	2	0	0	0	0	0	440	0	1353	0	28	0	0	1523	0	0	0	0	0	0	0	0	0	0	0
0	0	0	0	0	0	78	0	78	2	0	0	0	0	0	441	0	1354	0	8	0	0	1741	0	0	0	0	0	0	0	0	0	0	0
0	0	0	0	0	0	78	0	78	2	0	0	0	0	0	442	0	1355	0	58	0	0	1403	0	0	0	0	0	0	0	0	0	0	0
0	0	0	0	0	0	78	0	78	2	0	0	0	0	0	443	0	1356	0	45	0	0	1474	0	0	0	0	0	0	0	0	0	0	0
0	0	0	0	0	0	78	0	78	2	0	0	0	0	0	444	0	1359	0	48	0	0	1472	0	0	0	0	0	0	0	0	0	0	0
0	0	0	0	0	0	78	0	78	2	0	0	0	0	0	445	0	1362	0	3	0	0	1835	0	0	0	0	0	0	0	0	0	0	0
0	0	0	0	0	0	78	0	78	2	0	0	0	0	0	446	0	1363	0	29	0	0	1522	0	0	0	0	0	0	0	0	0	0	0
0	0	0	0	0	0	78	0	78	2	0	0	0	0	0	447	0	1366	0	25	0	0	1567	0	0	0	0	0	0	0	0	0	0	0
0	0	0	0	0	0	78	0	78	2	0	0	0	0	0	448	0	1367	0	30	0	0	1521	0	0	0	0	0	0	0	0	0	0	0
0	0	0	0	0	0	78	0	78	2	0	0	0	0	0	449	0	1369	0	1	0	0	1901	0	0	0	0	0	0	0	0	0	0	0
0	0	0	0	0	0	78	0	78	2	0	0	0	0	0	450	0	1386	0	17	0	0	1635	0	0	0	0	0	0	0	0	0	0	0
0	0	0	0	0	0	78	0	78	2	0	0	0	0	0	451	0	1387	0	16	0	0	1641	0	0	0	0	0	0	0	0	0	0	0
0	0	0	0	0	0	78	0	78	2	0	0	0	0	0	452	0	1886	0	31	0	0	1518	0	0	0	0	0	0	0	0	0	0	0
0	0	0	0	0	0	78	0	78	2	0	0	0	0	0	453	0	105035	0	7	0	0	1758	0	0	0	0	0	0	0	0	0	0	0
0	0	0	0	0	0	78	0	78	2	0	0	0	0	0	454	0	110081	0	74	0	0	1341	0	0	0	0	0	0	0	0	0	0	0
0	0	0	0	0	0	78	0	78	2	0	0	0	0	0	455	0	111111	0	14	0	0	1669	0	0	0	0	0	0	0	0	0	0	0
0	0	0	0	0	0	78	0	78	2	0	0	0	0	0	456	0	111462	0	64	0	0	1381	0	0	0	0	0	0	0	0	0	0	0
0	0	0	0	0	0	78	0	78	2	0	0	0	0	0	457	0	111527	0	34	0	0	1504	0	0	0	0	0	0	0	0	0	0	0
33	0	1	0	1	0	80	0	80	1	0	1	0	8	0	458	1	191	0	6	0	0	1	0	0	1	1	1	0	2	1	2	0	33
100	0	0	0	1	1	80	0	80	2	0	2	0	10	0	459	1	209	0	3	1	0	3	0	0	1	0	1	0	2	0	0	0	100
0	0	1	0	0	0	80	2	80	3	0	0	0	5	0	460	1	252	0	11	0	0	0	0	1	0	2	1	0	0	0	0	0	0
100	0	0	0	1	0	80	0	80	4	0	2	1	10	1	461	1	254	0	4	0	0	3	0	0	1	0	1	0	0	0	0	0	100
33	0	1	0	1	0	80	0	80	5	0	1	0	8	0	462	1	256	0	5	0	0	1	0	0	1	1	1	0	2	1	2	0	33
33	0	1	0	1	0	80	2	80	1	0	1	2	3	0	463	1	780	0	8	0	0	1	0	0	1	1	1	0	0	0	0	1	33
0	0	1	0	0	0	80	0	80	10	0	0	0	5	0	464	1	2017	0	10	0	0	0	0	0	1	2	0	1	2	0	4	0	0
100	0	0	0	1	0	80	0	80	11	0	2	0	10	0	465	1	15009	0	2	1	0	3	0	0	1	0	1	0	2	0	0	0	100
100	0	0	0	1	0	80	2	80	9	0	2	4	0	1	466	1	15040	0	1	0	0	3	0	0	1	0	1	0	0	0	0	0	100
0	0	1	0	0	0	80	0	80	12	0	0	0	3	0	467	1	110720	0	9	0	0	0	0	0	1	2	0	1	0	0	1	0	0
0	0	1	0	0	0	80	2	80	7	0	0	0	4	0	468	1	111822	0	12	0	0	0	0	1	0	2	1	0	0	0	0	0	0
33	0	1	0	1	0	80	2	80	13	0	1	2	3	0	469	1	113616	0	7	0	0	1	0	0	1	1	1	0	0	0	0	1	33
40	0	0	0	0	0	83	12	83	12	0	11120	9	9	4	470	24	980	0	3	6	0	39	0	4	0	2	0	1	23	5	16	4	36
66	0	0	0	0	0	83	14	83	8	0	12202	16	8	4	471	24	982	3	4	5	0	36	0	3	0	0	0	3	11	5	9	4	60
13	0	0	0	0	1	83	16	83	1	0	10010	18	3	4	472	24	1473	8	7	4	0	31	0	5	0	2	0	4	12	4	13	3	33
40	0	0	0	0	0	83	17	83	3	0	20002	14	8	6	473	24	1474	5	5	4	0	35	0	5	0	0	0	4	16	4	17	1	53
86	0	0	0	0	0	83	13	83	2	0	12222	22	0	6	474	24	1477	9	1	10	0	54	0	1	0	0	0	1	21	1	6	5	86
46	0	0	0	0	0	83	15	83	5	0	1220	16	5	6	475	24	1478	5	9	2	0	29	0	5	0	2	0	6	11	4	17	1	56
66	0	0	0	0	0	83	8	83	11	0	20212	13	9	6	476	24	2055	8	2	5	0	39	0	3	0	0	0	4	21	3	16	3	50
6	0	0	0	0	0	83	18	83	9	9	1000	13	5	3	477	24	2056	5	12	0	0	14	0	7	0	2	0	9	11	3	27	2	10
53	0	0	0	0	0	83	17	83	6	0	22101	12	3	3	478	24	112115	3	8	5	0	30	0	4	0	1	0	6	12	1	13	5	40
33	0	0	0	0	0	83	16	83	11	0	12010	14	3	4	479	24	112258	9	6	4	0	32	0	5	0	2	0	3	11	4	12	4	33
20	0	0	0	0	0	83	15	83	1	0	20	17	5	4	480	24	112555	3	11	4	0	27	0	5	0	2	0	8	12	0	17	3	33
80	0	0	0	0	0	83	14	83	7	0	2222	17	5	5	481	24	112558	5	10	2	0	28	0	4	0	0	0	6	14	4	18	3	46
0	0	0	0	0	0	111	0	111	2	0	0	0	0	0	482	0	111	0	2	0	0	0	0	0	0	0	0	0	0	0	0	0	0
0	0	0	0	0	0	111	0	111	2	0	0	0	0	0	483	0	112	0	2	0	0	0	0	0	0	0	0	0	0	0	0	0	0
0	0	1	0	0	0	189	3	189	7	0	0	2	4	0	484	2	322	4	10	0	0	0	0	1	0	2	0	1	1	0	2	0	0
0	0	1	0	0	0	189	4	189	2	0	0	1	4	0	485	2	324	4	11	0	0	0	0	1	0	2	0	1	1	0	3	0	0
16	0	1	0	0	0	189	3	189	8	0	1	2	5	0	486	2	894	5	9	0	0	1	0	1	0	1	1	0	1	1	1	0	16
50	0	0	0	0	0	189	1	189	5	0	2	2	3	1	487	2	896	3	7	0	0	3	0	0	1	0	0	1	1	0	2	0	50
66	0	0	0	1	0	189	1	189	4	0	21	1	3	0	488	2	897	3	5	1	0	4	0	0	1	1	1	0	3	0	2	1	66
100	0	0	0	1	0	189	1	189	6	0	22	2	10	1	489	2	898	10	2	1	0	6	0	0	1	0	1	0	4	0	1	0	100
66	0	0	0	1	1	189	1	189	1	0	21	3	8	1	490	2	900	8	4	0	0	4	0	0	1	1	1	0	1	1	1	0	66
16	0	1	0	0	0	189	1	189	9	0	1	1	5	0	491	2	1713	5	8	0	0	1	0	0	1	1	0	1	2	0	3	1	16
100	0	0	0	1	0	189	1	189	12	0	22	2	10	1	492	2	1715	10	3	1	0	6	0	0	1	0	1	0	2	0	1	0	100
50	0	0	0	0	0	189	2	189	11	0	20	3	3	1	493	2	1862	3	6	0	0	3	0	0	1	2	0	1	1	0	2	0	50
0	0	1	0	0	0	189	2	189	3	0	0	1	4	0	494	2	10032	4	12	0	0	0	0	1	0	2	0	1	0	0	4	0	0
100	0	0	0	1	0	189	0	189	7	0	22	4	0	1	495	2	110770	0	1	1	0	6	0	0	1	0	1	0	3	0	2	0	100
0	0	1	0	1	1	308	0	308	1	0	0	0	0	0	496	0	234	0	4	0	0	0	0	0	1	0	1	0	0	0	0	0	0
0	0	1	0	1	0	308	0	308	2	0	0	0	0	0	497	0	236	0	12	0	0	0	0	0	1	0	1	0	0	0	0	0	0
0	0	1	0	1	0	308	0	308	4	0	0	0	0	0	498	0	237	0	16	0	0	0	0	0	1	0	1	0	0	0	0	0	0
0	0	1	0	1	0	308	0	308	19	0	0	0	0	0	499	0	717	0	2	0	0	0	0	0	1	0	1	0	0	0	0	0	0
0	0	1	0	1	0	308	0	308	18	0	0	0	0	0	500	0	718	0	7	0	0	0	0	0	1	0	1	0	0	0	0	0	0
0	0	1	0	1	0	308	0	308	12	0	0	0	0	0	501	0	744	0	13	0	0	0	0	0	1	0	1	0	0	0	0	0	0
0	0	1	0	1	0	308	0	308	18	0	0	0	0	0	502	0	1438	0	14	0	0	0	0	0	1	0	1	0	0	0	0	0	0
0	0	1	0	1	0	308	0	308	6	0	0	0	0	0	503	0	1887	0	18	0	0	0	0	0	1	0	1	0	0	0	0	0	0
0	0	1	0	1	0	308	0	308	13	0	0	0	0	0	504	0	1888	0	9	0	0	0	0	0	1	0	1	0	0	0	0	0	0
0	0	1	0	1	0	308	0	308	20	0	0	0	0	0	505	0	1891	0	11	0	0	0	0	0	1	0	1	0	0	0	0	0	0
0	0	1	0	1	0	308	0	308	3	0	0	0	0	0	506	0	1896	0	15	0	0	0	0	0	1	0	1	0	0	0	0	0	0
0	0	1	0	1	0	308	0	308	16	0	0	0	0	0	507	0	1900	0	10	0	0	0	0	0	1	0	1	0	0	0	0	0	0
0	0	1	0	1	0	308	0	308	14	0	0	0	0	0	508	0	10020	0	6	0	0	0	0	0	1	0	1	0	0	0	0	0	0
0	0	1	0	1	0	308	0	308	5	0	0	0	0	0	509	0	112513	0	3	0	0	0	0	0	1	0	1	0	0	0	0	0	0
0	0	1	0	1	0	308	0	308	21	0	0	0	0	0	510	0	112516	0	17	0	0	0	0	0	1	0	1	0	0	0	0	0	0
0	0	1	0	1	0	308	0	308	8	0	0	0	0	0	511	0	112809	0	8	0	0	0	0	0	1	0	1	0	0	0	0	0	0
0	0	1	0	1	0	308	0	308	10	0	0	0	0	0	512	0	114510	0	5	0	0	0	0	0	1	0	1	0	0	0	0	0	0
0	0	1	0	1	0	308	0	308	22	0	0	0	0	0	513	0	131463	0	1	0	0	0	0	0	1	0	1	0	0	0	0	0	0
83	0	0	0	1	0	330	2	330	4	0	1222	5	10	2	514	4	308	0	2	1	0	10	0	0	1	0	1	0	6	1	5	0	83
83	0	0	0	1	0	330	2	330	5	0	2122	3	0	1	515	4	310	0	1	2	0	10	0	0	1	0	1	0	4	0	0	1	83
41	0	0	0	0	0	330	3	330	16	0	1102	4	3	1	516	4	100757	0	8	0	0	5	0	0	1	0	0	1	3	1	4	1	41
50	0	0	0	0	0	330	3	330	6	0	22	3	8	1	517	4	100759	0	5	1	0	6	0	1	0	0	0	1	3	0	3	0	50
33	0	0	0	0	0	330	3	330	2	0	1200	2	5	0	518	4	100761	0	12	1	0	4	0	1	0	2	0	1	4	0	4	1	33
41	0	0	0	0	0	330	1	330	15	0	1021	2	3	1	519	4	110072	0	9	0	0	5	0	0	1	1	0	1	2	1	3	1	41
83	0	0	0	1	1	330	3	330	1	0	1222	5	10	2	520	4	110075	0	3	1	0	10	0	0	1	0	1	0	3	1	2	0	83
33	0	0	0	0	0	330	3	330	9	0	1020	1	3	0	521	4	110078	0	10	1	0	4	0	2	0	2	1	0	3	1	0	0	33
66	0	0	0	1	0	330	3	330	13	0	1122	4	8	1	522	4	110750	0	4	1	0	8	0	0	1	0	1	0	3	1	2	1	66
41	0	0	0	0	0	330	1	330	10	0	2101	1	3	0	523	4	110751	0	7	1	0	5	0	0	1	1	0	1	7	1	5	1	41
41	0	0	0	0	0	330	1	330	11	0	1120	5	8	1	524	4	110752	0	6	0	0	5	0	0	1	2	0	1	1	1	2	1	41
25	0	1	0	0	0	330	4	330	12	0	1101	4	5	0	525	4	114147	0	14	0	0	3	0	0	1	1	0	1	1	1	2	2	25
33	0	0	0	0	0	330	6	330	3	0	2100	4	5	1	526	4	114385	0	13	0	0	4	0	2	0	2	1	0	1	1	1	0	33
8	0	1	0	0	0	330	7	330	17	0	100	1	4	0	527	4	114545	0	15	0	0	1	0	2	0	2	0	1	3	1	4	0	8
8	0	1	0	0	0	330	4	330	18	0	1000	2	4	0	528	4	114546	0	16	0	0	1	0	1	0	2	0	2	2	0	9	1	8
33	0	0	0	0	0	330	1	330	19	0	201	6	3	1	529	4	131459	0	11	0	0	4	0	0	1	1	0	2	1	0	6	1	33
0	0	0	0	0	0	350	0	350	3	0	0	0	0	0	530	0	605	0	2	0	0	0	0	0	0	0	0	0	0	0	0	0	0
0	0	0	0	0	1	350	0	350	1	0	0	0	0	0	531	0	607	0	1	0	0	0	0	0	0	0	0	0	0	0	0	0	0
0	0	0	0	0	0	350	0	350	4	0	0	0	0	0	532	0	111674	0	6	0	0	0	0	0	0	0	0	0	0	0	0	0	0
0	0	0	0	0	0	350	0	350	7	0	0	0	0	0	533	0	112096	0	7	0	0	0	0	0	0	0	0	0	0	0	0	0	0
0	0	0	0	0	0	350	0	350	2	0	0	0	0	0	534	0	112139	0	3	0	0	0	0	0	0	2	0	0	0	0	0	0	0
0	0	0	0	0	0	350	0	350	15	0	0	0	0	0	535	0	112387	0	5	0	0	0	0	0	0	0	0	0	0	0	0	0	0
0	0	0	0	0	0	350	0	350	6	0	0	0	0	0	536	0	112390	0	10	0	0	0	0	0	0	0	0	0	0	0	0	0	0
0	0	0	0	0	0	350	0	350	19	0	0	0	0	0	537	0	112391	0	4	0	0	0	0	0	0	2	0	0	0	0	0	0	0
0	0	0	0	0	0	350	0	350	5	0	0	0	0	0	538	0	112393	0	8	0	0	0	0	0	0	2	0	0	0	0	0	0	0
0	0	0	0	0	0	350	0	350	14	0	0	0	0	0	539	0	112883	0	12	0	0	0	0	0	0	2	0	0	0	0	0	0	0
0	0	0	0	0	0	350	0	350	18	0	0	0	0	0	540	0	113037	0	11	0	0	0	0	0	0	2	0	0	0	0	0	0	0
0	0	0	0	0	0	350	0	350	11	0	0	0	0	0	541	0	113057	0	13	0	0	0	0	0	0	2	0	0	0	0	0	0	0
0	0	0	0	0	0	350	0	350	17	0	0	0	0	0	542	0	113060	0	15	0	0	0	0	0	0	0	0	0	0	0	0	0	0
0	0	0	0	0	0	350	0	350	8	0	0	0	0	0	543	0	113217	0	14	0	0	0	0	0	0	2	0	0	0	0	0	0	0
0	0	0	0	0	0	350	0	350	16	0	0	0	0	0	544	0	113222	0	18	0	0	0	0	0	0	0	0	0	0	0	0	0	0
0	0	0	0	0	0	350	0	350	20	0	0	0	0	0	545	0	115892	0	2	0	0	0	0	0	0	0	0	0	0	0	0	0	0
0	0	0	0	0	0	350	0	350	21	0	0	0	0	0	546	0	131735	0	9	0	0	0	0	0	0	0	0	0	0	0	0	0	0
0	0	0	0	0	0	350	0	350	22	0	0	0	0	0	547	0	131798	0	2	0	0	0	0	0	0	0	0	0	0	0	0	0	0
0	0	0	0	0	0	351	0	351	3	0	0	0	0	0	548	0	111393	0	6	0	0	0	0	0	0	1	0	0	0	0	0	0	0
0	0	0	0	0	0	351	0	351	8	0	0	0	0	0	549	0	111395	0	12	0	0	0	0	0	0	0	0	0	0	0	0	0	0
0	0	0	0	0	1	351	0	351	2	0	0	0	0	0	550	0	111396	0	10	0	0	0	0	0	0	2	0	0	0	0	0	0	0
0	0	0	0	0	0	351	0	351	11	0	0	0	0	0	551	0	111397	0	5	0	0	0	0	0	0	1	0	0	0	0	0	0	0
0	0	0	0	0	0	351	0	351	10	0	0	0	0	0	552	0	111398	0	9	0	0	0	0	0	0	1	0	0	0	0	0	0	0
0	0	0	0	0	0	351	0	351	9	0	0	0	0	0	553	0	111399	0	13	0	0	0	0	0	0	0	0	0	0	0	0	0	0
0	0	0	0	0	0	351	0	351	5	0	0	0	0	0	554	0	111400	0	7	0	0	0	0	0	0	2	0	0	0	0	0	0	0
0	0	0	0	0	0	351	0	351	6	0	0	0	0	0	555	0	111766	0	11	0	0	0	0	0	0	2	0	0	0	0	0	0	0
0	0	0	0	0	0	351	0	351	1	0	0	0	0	0	556	0	112224	0	2	0	0	0	0	0	0	0	0	0	0	0	0	0	0
0	0	0	0	0	0	351	0	351	4	0	0	0	0	0	557	0	112427	0	4	0	0	0	0	0	0	0	0	0	0	0	0	0	0
0	0	0	0	0	0	351	0	351	12	0	0	0	0	0	559	0	114604	0	8	0	0	0	0	0	0	2	0	0	0	0	0	0	0
0	0	0	0	0	0	351	0	351	13	0	0	0	0	0	560	0	131739	0	1	0	0	0	0	0	0	2	0	0	0	0	0	0	0
55	0	0	0	1	0	353	0	1003	2	0	211	0	8	0	561	3	1013	0	5	1	0	5	0	0	1	1	1	0	2	1	1	1	55
77	0	0	0	1	0	353	1	1003	2	0	221	3	0	1	562	3	1876	0	2	1	0	7	0	0	1	1	1	0	4	0	0	1	77
22	0	1	0	0	1	353	1	1014	2	0	110	1	5	0	563	3	1877	0	4	0	0	2	0	0	1	2	0	1	0	1	1	1	22
66	0	0	0	0	0	353	1	1003	2	0	22	2	9	1	564	3	101083	0	13	1	0	6	0	0	1	0	0	1	1	0	1	0	66
44	0	0	0	0	0	353	1	1014	2	0	12	1	3	1	565	3	101084	0	22	0	0	4	0	1	0	0	1	0	0	1	0	0	44
33	0	0	0	0	0	353	2	1014	2	0	20	0	3	0	566	3	101085	0	7	1	0	3	0	2	0	2	1	0	1	0	0	0	33
55	0	0	0	1	0	353	1	353	26	0	211	2	3	1	567	3	101088	0	25	0	0	5	0	0	1	1	1	0	0	1	0	1	55
11	0	1	0	0	0	353	2	353	14	0	100	1	4	0	568	3	110093	0	10	0	0	1	0	1	0	2	0	1	2	1	3	0	11
33	0	0	0	0	0	353	1	1014	2	0	2	0	5	0	569	3	110395	0	15	1	0	3	0	1	0	0	0	1	2	0	1	0	33
44	0	0	0	0	0	353	2	1014	2	0	201	1	3	0	570	3	110396	0	18	1	0	4	0	1	0	1	1	0	2	1	1	0	44
44	0	0	0	0	0	353	3	353	24	0	120	1	3	0	571	3	110404	0	26	1	0	4	0	1	0	2	1	0	2	0	1	1	44
55	0	0	0	1	0	353	1	1003	2	0	121	1	9	0	572	3	110580	0	1	1	0	5	0	0	1	1	1	0	1	0	0	2	55
44	0	0	0	0	0	353	4	353	28	0	201	0	3	0	573	3	110953	0	19	1	0	4	0	1	0	1	1	0	1	1	0	0	44
22	0	1	0	0	0	353	0	1014	2	0	101	0	5	0	574	3	111019	0	3	0	0	2	0	0	1	1	0	1	1	1	2	1	22
44	0	0	0	0	0	353	2	353	29	0	21	1	3	0	575	3	111020	0	9	1	0	4	0	1	0	1	1	0	3	0	0	1	44
44	0	0	0	0	0	353	1	1014	2	0	201	0	3	0	576	3	111022	0	20	1	0	4	0	1	0	1	1	0	3	1	0	0	44
33	0	1	0	1	0	353	0	353	15	0	111	0	5	0	577	3	111706	0	23	0	0	3	0	0	1	1	1	0	1	2	1	1	33
22	0	1	0	0	0	353	0	353	13	0	101	0	4	0	578	3	111707	0	29	0	0	2	0	0	1	1	0	1	0	0	2	2	22
44	0	0	0	0	0	353	2	353	5	0	210	3	3	1	579	3	111708	0	21	0	0	4	0	0	1	2	0	1	0	0	1	1	44
44	0	0	0	0	0	353	0	1014	2	0	120	2	3	1	580	3	111710	0	17	0	0	4	0	0	1	2	0	1	1	1	2	0	44
33	0	0	0	0	0	353	3	1014	2	0	2	1	3	1	581	3	111711	0	12	0	0	3	0	1	0	0	0	1	1	0	2	0	33
44	0	0	0	0	0	353	2	353	30	0	21	3	3	1	582	3	111713	0	30	0	0	4	0	0	1	1	0	1	1	1	2	0	44
44	0	0	0	0	0	353	1	1014	2	0	21	2	3	1	583	3	111715	0	8	0	0	4	0	0	1	1	0	1	1	1	2	0	44
55	0	0	0	1	0	353	0	353	22	0	211	1	8	1	584	3	111716	0	24	0	0	5	0	0	1	1	1	0	1	1	1	1	55
44	0	0	0	0	0	353	2	1003	2	0	21	1	3	0	585	3	112670	0	27	1	0	4	0	1	0	1	1	0	2	0	1	1	44
22	0	1	0	0	0	353	0	353	19	0	11	0	4	0	586	3	112689	0	14	0	0	2	0	0	1	1	0	1	1	0	3	2	22
22	0	1	0	0	0	353	4	353	21	0	110	2	4	0	587	3	112713	0	28	0	0	2	0	1	0	2	1	0	0	1	0	1	22
55	0	0	0	1	0	353	1	353	16	0	112	2	8	1	588	3	112965	0	16	0	0	5	0	0	1	0	1	0	1	2	1	0	55
66	0	0	0	0	0	353	3	353	17	0	202	0	9	0	589	3	113044	0	6	2	0	6	0	1	0	0	1	0	4	0	1	0	66
66	0	0	0	0	0	353	0	353	31	0	202	2	9	2	590	3	115472	0	11	0	0	6	0	0	1	0	0	1	2	0	3	0	66
0	0	0	0	0	0	382	0	382	2	0	0	0	0	0	591	0	111592	0	2	0	0	0	0	0	0	0	0	0	0	0	0	0	0
0	0	0	0	0	0	382	0	382	2	0	0	0	0	0	592	0	131368	0	2	0	0	0	0	0	0	0	0	0	0	0	0	0	0
0	0	0	0	0	0	382	0	382	2	0	0	0	0	0	593	0	131680	0	2	0	0	0	0	0	0	0	0	0	0	0	0	0	0
0	0	0	0	0	0	383	0	383	2	0	0	0	0	0	594	0	112428	0	2	0	0	0	0	0	0	0	0	0	0	0	0	0	0
0	0	0	0	0	0	383	0	383	2	0	0	0	0	0	595	0	115486	0	2	0	0	0	0	0	0	0	0	0	0	0	0	0	0
0	0	0	0	0	0	1003	0	1003	2	0	0	0	0	0	596	0	383	0	2	0	0	0	0	0	0	0	0	0	0	0	0	0	0
0	0	0	0	0	0	1003	0	1003	2	0	0	0	0	0	597	0	517	0	2	0	0	0	0	0	0	0	0	0	0	0	0	0	0
0	0	0	0	0	0	1003	0	1003	2	0	0	0	0	0	598	0	598	0	2	0	0	0	0	0	0	0	0	0	0	0	0	0	0
0	0	0	0	0	0	1003	0	1003	2	0	0	0	0	0	599	0	1043	0	2	0	0	0	0	0	0	0	0	0	0	0	0	0	0
0	0	0	0	0	0	1003	0	1003	2	0	0	0	0	0	600	0	1048	0	2	0	0	0	0	0	0	0	0	0	0	0	0	0	0
0	0	0	0	0	0	1003	0	1003	2	0	0	0	0	0	601	0	1598	0	2	0	0	0	0	0	0	0	0	0	0	0	0	0	0
0	0	0	0	0	0	1003	0	1003	2	0	0	0	0	0	602	0	15029	0	2	0	0	0	0	0	0	0	0	0	0	0	0	0	0
0	0	0	0	0	0	1003	0	1003	2	0	0	0	0	0	603	0	101100	0	2	0	0	0	0	0	0	0	0	0	0	0	0	0	0
0	0	0	0	0	0	1003	0	1003	2	0	0	0	0	0	604	0	101108	0	2	0	0	0	0	0	0	0	0	0	0	0	0	0	0
0	0	0	0	0	0	1003	0	1003	2	0	0	0	0	0	605	0	101110	0	2	0	0	0	0	0	0	0	0	0	0	0	0	0	0
0	0	0	0	0	0	1003	0	1003	2	0	0	0	0	0	606	0	110968	0	2	0	0	0	0	0	0	0	0	0	0	0	0	0	0
0	0	0	0	0	0	1003	0	1003	2	0	0	0	0	0	607	0	110980	0	2	0	0	0	0	0	0	0	0	0	0	0	0	0	0
0	0	0	0	0	0	1003	0	1003	2	0	0	0	0	0	608	0	110981	0	2	0	0	0	0	0	0	0	0	0	0	0	0	0	0
0	0	0	0	0	0	1003	0	1003	2	0	0	0	0	0	609	0	110986	0	2	0	0	0	0	0	0	0	0	0	0	0	0	0	0
0	0	0	0	0	0	1003	0	1003	2	0	0	0	0	0	610	0	110990	0	2	0	0	0	0	0	0	0	0	0	0	0	0	0	0
0	0	0	0	0	0	1003	0	1003	2	0	0	0	0	0	611	0	110991	0	2	0	0	0	0	0	0	0	0	0	0	0	0	0	0
0	0	0	0	0	0	1003	0	1003	2	0	0	0	0	0	612	0	111008	0	2	0	0	0	0	0	0	0	0	0	0	0	0	0	0
0	0	0	0	0	0	1003	0	1003	2	0	0	0	0	0	613	0	111010	0	2	0	0	0	0	0	0	0	0	0	0	0	0	0	0
0	0	0	0	0	0	1003	0	1003	2	0	0	0	0	0	614	0	111013	0	2	0	0	0	0	0	0	0	0	0	0	0	0	0	0
0	0	0	0	0	0	1003	0	1003	2	0	0	0	0	0	615	0	111014	0	2	0	0	0	0	0	0	0	0	0	0	0	0	0	0
0	0	0	0	0	0	1003	0	1003	2	0	0	0	0	0	616	0	111052	0	2	0	0	0	0	0	0	0	0	0	0	0	0	0	0
0	0	0	0	0	0	1003	0	1003	2	0	0	0	0	0	617	0	111325	0	2	0	0	0	0	0	0	0	0	0	0	0	0	0	0
0	0	0	0	0	0	1003	0	1003	2	0	0	0	0	0	618	0	112716	0	2	0	0	0	0	0	0	0	0	0	0	0	0	0	0
0	0	0	0	0	0	1003	0	1003	2	0	0	0	0	0	619	0	112908	0	2	0	0	0	0	0	0	0	0	0	0	0	0	0	0
0	0	0	0	0	0	1003	0	1003	2	0	0	0	0	0	620	0	112992	0	2	0	0	0	0	0	0	0	0	0	0	0	0	0	0
0	0	0	0	0	0	1003	0	1003	2	0	0	0	0	0	621	0	131795	0	2	0	0	0	0	0	0	0	0	0	0	0	0	0	0
0	0	0	0	0	0	1014	0	1014	2	0	0	0	0	0	622	0	567	0	2	0	0	0	0	0	0	0	0	0	0	0	0	0	0
0	0	0	0	0	0	1014	0	1014	2	0	0	0	0	0	623	0	568	0	2	0	0	0	0	0	0	0	0	0	0	0	0	0	0
0	0	0	0	0	0	1014	0	1014	2	0	0	0	0	0	624	0	569	0	2	0	0	0	0	0	0	0	0	0	0	0	0	0	0
0	0	0	0	0	1	1014	0	1014	2	0	0	0	0	0	625	0	1035	0	2	0	0	0	0	0	0	0	0	0	0	0	0	0	0
0	0	0	0	0	0	1014	0	1014	2	0	0	0	0	0	626	0	1041	0	2	0	0	0	0	0	0	0	0	0	0	0	0	0	0
0	0	0	0	0	0	1014	0	1014	2	0	0	0	0	0	627	0	1629	0	2	0	0	0	0	0	0	0	0	0	0	0	0	0	0
0	0	0	0	0	0	1014	0	1014	2	0	0	0	0	0	628	0	1719	0	2	0	0	0	0	0	0	0	0	0	0	0	0	0	0
0	0	0	0	0	0	1014	0	1014	2	0	0	0	0	0	629	0	101099	0	2	0	0	0	0	0	0	0	0	0	0	0	0	0	0
0	0	0	0	0	0	1014	0	1014	2	0	0	0	0	0	630	0	101106	0	2	0	0	0	0	0	0	0	0	0	0	0	0	0	0
0	0	0	0	0	0	1014	0	1014	2	0	0	0	0	0	631	0	110977	0	2	0	0	0	0	0	0	0	0	0	0	0	0	0	0
0	0	0	0	0	0	1014	0	1014	2	0	0	0	0	0	632	0	110989	0	2	0	0	0	0	0	0	0	0	0	0	0	0	0	0
0	0	0	0	0	0	1014	0	1014	2	0	0	0	0	0	633	0	111006	0	2	0	0	0	0	0	0	0	0	0	0	0	0	0	0
0	0	0	0	0	0	1014	0	1014	2	0	0	0	0	0	634	0	111011	0	2	0	0	0	0	0	0	0	0	0	0	0	0	0	0
0	0	0	0	0	0	1014	0	1014	2	0	0	0	0	0	635	0	111328	0	2	0	0	0	0	0	0	0	0	0	0	0	0	0	0
0	0	0	0	0	0	1014	0	1014	2	0	0	0	0	0	636	0	111329	0	2	0	0	0	0	0	0	0	0	0	0	0	0	0	0
0	0	0	0	0	0	1014	0	1014	2	0	0	0	0	0	637	0	111334	0	2	0	0	0	0	0	0	0	0	0	0	0	0	0	0
0	0	0	0	0	0	1014	0	1014	2	0	0	0	0	0	638	0	112531	0	2	0	0	0	0	0	0	0	0	0	0	0	0	0	0
0	0	0	0	0	0	1014	0	1014	2	0	0	0	0	0	639	0	112615	0	2	0	0	0	0	0	0	0	0	0	0	0	0	0	0
0	0	0	0	0	0	1014	0	1014	2	0	0	0	0	0	640	0	112667	0	2	0	0	0	0	0	0	0	0	0	0	0	0	0	0
0	0	0	0	0	0	1014	0	1014	2	0	0	0	0	0	641	0	112868	0	2	0	0	0	0	0	0	0	0	0	0	0	0	0	0
0	0	0	0	0	0	1014	0	1014	2	0	0	0	0	0	642	0	114581	0	2	0	0	0	0	0	0	0	0	0	0	0	0	0	0
0	0	0	0	0	0	1014	0	1014	2	0	0	0	0	0	643	0	114598	0	2	0	0	0	0	0	0	0	0	0	0	0	0	0	0
0	0	0	0	0	0	1014	0	1014	2	0	0	0	0	0	644	0	114611	0	2	0	0	0	0	0	0	0	0	0	0	0	0	0	0
0	0	0	0	0	0	1014	0	1014	2	0	0	0	0	0	645	0	114615	0	2	0	0	0	0	0	0	0	0	0	0	0	0	0	0
0	0	0	0	0	0	1014	0	1014	2	0	0	0	0	0	646	0	115536	0	2	0	0	0	0	0	0	0	0	0	0	0	0	0	0
0	0	0	0	0	0	1014	0	1014	2	0	0	0	0	0	647	0	132375	0	2	0	0	0	0	0	0	0	0	0	0	0	0	0	0
0	0	0	0	0	0	2012	10	2012	10	0	0	25	0	8	648	19	110955	0	1	6	0	45	0	0	1	1	0	2	21	2	13	1	0
0	0	0	0	0	0	2012	9	2012	2	0	0	19	0	5	649	19	111724	8	8	3	0	28	0	2	0	2	0	5	18	2	22	2	0
0	0	0	0	0	0	2012	10	2012	7	0	0	21	0	7	650	19	111768	9	4	4	0	39	0	1	0	1	0	1	19	4	12	2	0
0	0	0	0	0	0	2012	15	2012	13	0	0	7	0	1	651	19	111769	4	16	1	0	9	0	7	0	1	0	7	8	1	19	2	0
0	0	0	0	0	0	2012	10	2012	8	0	0	11	0	4	652	19	111774	8	6	4	0	29	0	2	0	1	0	4	16	3	19	2	0
0	0	0	0	0	0	2012	21	2012	6	0	0	17	0	2	653	19	111779	3	13	2	0	16	0	5	0	2	0	6	11	2	14	2	0
0	0	0	0	0	0	2012	13	2012	3	0	0	22	0	5	654	19	112163	3	5	3	0	29	0	0	1	0	0	6	17	1	17	4	0
0	0	0	0	0	0	2012	12	2012	4	0	0	19	0	5	655	19	112540	8	2	7	0	41	0	2	0	0	1	0	26	2	13	3	0
0	0	0	0	0	0	2012	26	2012	9	0	0	16	0	3	656	19	114628	3	14	0	0	13	0	7	0	2	0	5	8	4	17	0	0
0	0	0	0	0	0	2012	6	2012	5	0	0	18	0	7	657	19	116360	9	3	5	0	40	0	1	0	0	0	2	19	2	10	2	0
0	0	0	0	0	1	2012	17	2012	1	0	0	16	0	3	658	19	116361	3	11	2	0	21	0	2	0	1	0	6	9	1	17	5	0
0	0	0	0	0	0	2012	10	2012	15	0	0	10	0	2	659	19	131173	4	15	0	0	11	0	3	0	2	0	9	5	1	21	4	0
0	0	0	0	0	0	2012	18	2012	15	0	0	20	0	4	660	19	131487	3	12	1	0	17	0	5	0	2	0	7	4	1	24	1	0
0	0	0	0	0	0	2012	12	2012	15	0	0	16	0	5	661	19	131488	3	10	1	0	26	0	1	0	0	0	4	10	4	16	4	0
0	0	0	0	0	0	2012	14	2012	16	0	0	18	0	5	662	19	131531	3	9	2	0	26	0	2	0	1	0	5	12	3	18	2	0
0	0	0	0	0	0	2012	8	2012	17	0	0	13	0	7	663	19	132305	3	7	1	0	29	0	2	0	0	0	4	8	4	16	1	0
0	0	0	0	0	0	2028	0	2028	2	0	0	0	0	0	664	0	112264	0	2	0	0	0	0	0	0	0	0	0	0	0	0	0	0
33	0	1	0	1	0	2076	0	20	13	6	1	0	3	0	665	1	27	0	14	0	0	1	0	0	1	1	1	0	0	1	0	0	33
33	0	1	0	1	0	2076	0	2076	8	6	1	0	3	0	666	1	33	0	8	0	0	1	0	0	1	1	1	0	1	1	1	0	33
33	0	1	0	1	0	2076	3	20	18	6	1	3	8	0	667	1	162	0	5	0	0	1	0	0	1	1	1	0	0	0	0	1	33
33	0	1	0	1	0	2076	0	2076	3	6	1	0	4	0	668	1	487	0	17	0	0	1	0	0	1	1	1	0	0	0	0	1	33
100	0	0	0	1	0	2076	1	2076	4	6	2	3	6	1	669	1	492	0	1	0	0	3	0	0	1	0	1	0	0	0	0	0	100
33	0	1	0	1	0	2076	0	2076	14	6	1	0	3	0	670	1	506	0	13	0	0	1	0	0	1	1	1	0	0	0	0	1	33
33	0	1	0	1	0	2076	0	2076	5	6	1	0	8	0	671	1	523	0	4	0	0	1	0	0	1	1	1	0	3	1	3	0	33
33	0	1	0	1	0	2076	1	2076	15	6	1	1	3	0	672	1	526	0	11	0	0	1	0	0	1	1	1	0	0	0	0	1	33
33	0	1	0	1	0	2076	0	20	17	6	1	0	3	0	673	1	543	0	9	0	0	1	0	0	1	1	1	0	1	1	1	0	33
0	0	1	0	0	0	2076	0	2076	19	6	0	0	4	0	674	1	583	0	20	0	0	0	0	0	1	2	0	1	0	0	2	0	0
100	0	0	0	1	0	2076	1	2076	12	6	2	2	7	1	675	1	1825	0	3	0	0	3	0	0	1	0	1	0	0	0	0	0	100
33	0	1	0	1	0	2076	0	20	20	6	1	0	3	0	676	1	1826	0	12	0	0	1	0	0	1	1	1	0	0	1	0	0	33
0	0	1	0	0	0	2076	0	2076	17	6	0	0	4	0	677	1	110176	0	19	0	0	0	0	0	1	2	0	1	1	0	3	0	0
33	0	1	0	1	0	2076	0	2076	10	6	1	0	8	0	678	1	110501	0	6	0	0	1	0	0	1	1	1	0	2	1	2	0	33
33	0	1	0	1	0	2076	2	2076	7	6	1	2	3	0	679	1	110532	0	7	0	0	1	0	0	1	1	1	0	0	0	0	1	33
100	0	0	0	1	0	2076	0	2076	9	6	2	2	6	1	680	1	110645	0	2	0	0	3	0	0	1	0	1	0	0	0	0	0	100
33	0	1	0	1	0	2076	0	2076	21	6	1	0	5	0	681	1	110678	0	15	0	0	1	0	0	1	1	1	0	0	1	0	0	33
33	0	1	0	1	0	2076	0	2076	22	6	1	0	5	0	682	1	110685	0	16	0	0	1	0	0	1	1	1	0	0	0	0	1	33
0	0	1	0	0	0	2076	0	2076	23	6	0	0	4	0	683	1	110697	0	18	0	0	0	0	0	1	2	0	1	1	0	2	0	0
33	0	1	0	1	0	2076	1	2076	11	6	1	1	3	0	684	1	111239	0	10	0	0	1	0	0	1	1	1	0	0	0	0	1	33
0	0	0	0	0	0	2092	0	2092	2	0	0	0	0	0	685	0	114019	0	2	0	0	0	0	0	0	0	0	0	0	0	0	0	0
0	0	0	0	0	0	2136	0	2136	2	0	0	0	0	0	686	0	113000	0	7	0	0	1986	0	0	0	0	0	0	0	0	0	0	0
0	0	0	0	0	0	2136	0	2136	2	0	0	0	0	0	687	0	113002	0	4	0	0	2008	0	0	0	0	0	0	0	0	0	0	0
0	0	0	0	0	0	2136	0	2136	2	0	0	0	0	0	688	0	113003	0	11	0	0	1921	0	0	0	0	0	0	0	0	0	0	0
0	0	0	0	0	0	2136	0	2136	2	0	0	0	0	0	689	0	113004	0	3	0	0	2014	0	0	0	0	0	0	0	0	0	0	0
0	0	0	0	0	0	2136	0	2136	2	0	0	0	0	0	690	0	113007	0	15	0	0	1850	0	0	0	0	0	0	0	0	0	0	0
0	0	0	0	0	0	2136	0	2136	2	0	0	0	0	0	691	0	113008	0	6	0	0	1992	0	0	0	0	0	0	0	0	0	0	0
0	0	0	0	0	0	2136	0	2136	2	0	0	0	0	0	692	0	113009	0	1	0	0	2069	0	0	0	0	0	0	0	0	0	0	0
0	0	0	0	0	0	2136	0	2136	2	0	0	0	0	0	693	0	113010	0	29	0	0	1683	0	0	0	0	0	0	0	0	0	0	0
0	0	0	0	0	0	2136	0	2136	2	0	0	0	0	0	694	0	113011	0	10	0	0	1931	0	0	0	0	0	0	0	0	0	0	0
0	0	0	0	0	0	2136	0	2136	2	0	0	0	0	0	695	0	113012	0	2	0	0	2020	0	0	0	0	0	0	0	0	0	0	0
0	0	0	0	0	0	2136	0	2136	2	0	0	0	0	0	696	0	113984	0	24	0	0	1731	0	0	0	0	0	0	0	0	0	0	0
0	0	0	0	0	0	2136	0	2136	2	0	0	0	0	0	697	0	113996	0	33	0	0	1659	0	0	0	0	0	0	0	0	0	0	0
0	0	0	0	0	0	2136	0	2136	2	0	0	0	0	0	698	0	115362	0	12	0	0	1888	0	0	0	0	0	0	0	0	0	0	0
0	0	0	0	0	0	2136	0	2136	2	0	0	0	0	0	699	0	115682	0	22	0	0	1773	0	0	0	0	0	0	0	0	0	0	0
0	0	0	0	0	0	2136	0	2136	2	0	0	0	0	0	700	0	116428	0	13	0	0	1867	0	0	0	0	0	0	0	0	0	0	0
0	0	0	0	0	0	2136	0	2136	2	0	0	0	0	0	701	0	131124	0	25	0	0	1723	0	0	0	0	0	0	0	0	0	0	0
0	0	0	0	0	0	2136	0	2136	2	0	0	0	0	0	702	0	131877	0	27	0	0	1705	0	0	0	0	0	0	0	0	0	0	0
0	0	0	0	0	0	2149	0	2149	9	0	0	0	0	0	703	0	111629	0	9	0	0	0	0	0	0	2	0	0	0	0	0	0	0
0	0	0	0	0	0	2149	0	2149	13	0	0	0	0	0	704	0	111633	0	13	0	0	0	0	0	0	1	0	0	0	0	0	0	0
0	0	0	0	0	0	2149	0	2149	7	0	0	0	0	0	705	0	113040	0	4	0	0	0	0	0	0	0	0	0	0	0	0	0	0
0	0	0	0	0	1	2149	0	2149	1	0	0	0	0	0	706	0	113146	0	1	0	0	0	0	0	0	0	0	0	0	0	0	0	0
0	0	0	0	0	0	2149	0	2149	4	0	0	0	0	0	707	0	113257	0	7	0	0	0	0	0	0	0	0	0	0	0	0	0	0
0	0	0	0	0	0	2149	0	2149	6	0	0	0	0	0	708	0	113297	0	11	0	0	0	0	0	0	0	0	0	0	0	0	0	0
0	0	0	0	0	0	2149	0	2149	3	0	0	0	0	0	709	0	113298	0	2	0	0	0	0	0	0	2	0	0	0	0	0	0	0
0	0	0	0	0	0	2149	0	2149	5	0	0	0	0	0	710	0	113299	0	8	0	0	0	0	0	0	1	0	0	0	0	0	0	0
0	0	0	0	0	0	2149	0	2149	2	0	0	0	0	0	711	0	113300	0	6	0	0	0	0	0	0	0	0	0	0	0	0	0	0
0	0	0	0	0	0	2149	0	2149	12	0	0	0	0	0	712	0	113301	0	12	0	0	0	0	0	0	1	0	0	0	0	0	0	0
0	0	0	0	0	0	2149	0	2149	10	0	0	0	0	0	713	0	113302	0	3	0	0	0	0	0	0	2	0	0	0	0	0	0	0
0	0	0	0	0	0	2149	0	2149	11	0	0	0	0	0	714	0	114168	0	5	0	0	0	0	0	0	2	0	0	0	0	0	0	0
0	0	0	0	0	0	2149	0	2149	8	0	0	0	0	0	715	0	115202	0	10	0	0	0	0	0	0	1	0	0	0	0	0	0	0
0	0	0	0	0	0	2149	0	2149	14	0	0	0	0	0	716	0	132681	0	2	0	0	0	0	0	0	0	0	0	0	0	0	0	0
0	0	1	0	1	1	2215	0	2215	1	0	0	0	0	0	717	0	115995	0	2	0	0	0	0	0	1	0	1	0	0	0	0	0	0
0	0	1	0	1	0	2215	0	2215	5	0	0	0	0	0	718	0	115996	0	1	0	0	0	0	0	1	0	1	0	0	0	0	0	0
0	0	1	0	1	0	2215	0	2215	3	0	0	0	0	0	719	0	115997	0	4	0	0	0	0	0	1	0	1	0	0	0	0	0	0
0	0	1	0	1	0	2215	0	2215	2	0	0	0	0	0	720	0	115998	0	14	0	0	0	0	0	1	0	1	0	0	0	0	0	0
0	0	1	0	1	0	2215	0	2215	4	0	0	0	0	0	721	0	115999	0	7	0	0	0	0	0	1	0	1	0	0	0	0	0	0
0	0	1	0	1	0	2215	0	2215	7	0	0	0	0	0	722	0	116001	0	11	0	0	0	0	0	1	0	1	0	0	0	0	0	0
0	0	1	0	1	0	2215	0	2215	6	0	0	0	0	0	723	0	116002	0	5	0	0	0	0	0	1	0	1	0	0	0	0	0	0
0	0	1	0	1	0	2215	0	2215	9	0	0	0	0	0	724	0	116003	0	8	0	0	0	0	0	1	0	1	0	0	0	0	0	0
0	0	1	0	1	0	2215	0	2215	8	0	0	0	0	0	725	0	116004	0	13	0	0	0	0	0	1	0	1	0	0	0	0	0	0
0	0	1	0	1	0	2215	0	2215	2	0	0	0	0	0	726	0	116005	0	3	0	0	0	0	0	1	0	1	0	0	0	0	0	0
0	0	1	0	1	0	2215	0	2215	11	0	0	0	0	0	727	0	116021	0	10	0	0	0	0	0	1	0	1	0	0	0	0	0	0
0	0	1	0	1	0	2215	0	2215	12	0	0	0	0	0	728	0	131386	0	9	0	0	0	0	0	1	0	1	0	0	0	0	0	0
0	0	1	0	1	0	2215	0	2215	3	0	0	0	0	0	729	0	132533	0	6	0	0	0	0	0	1	0	1	0	0	0	0	0	0
0	0	1	0	1	0	2215	0	2215	1	0	0	0	0	0	730	0	132589	0	12	0	0	0	0	0	1	0	1	0	0	0	0	0	0
0	0	0	0	0	0	2216	0	2216	3	0	0	0	0	0	731	0	116009	0	2	0	0	0	0	0	0	0	0	0	0	0	0	0	0
0	0	0	0	0	1	2216	0	2216	1	0	0	0	0	0	732	0	116010	0	1	0	0	0	0	0	0	0	0	0	0	0	0	0	0
0	0	0	0	0	0	2216	0	2216	9	0	0	0	0	0	733	0	116011	0	11	0	0	0	0	0	0	1	0	0	0	0	0	0	0
0	0	0	0	0	0	2216	0	2216	2	0	0	0	0	0	734	0	116012	0	3	0	0	0	0	0	0	2	0	0	0	0	0	0	0
0	0	0	0	0	0	2216	0	2216	11	0	0	0	0	0	735	0	116013	0	5	0	0	0	0	0	0	2	0	0	0	0	0	0	0
0	0	0	0	0	0	2216	0	2216	8	0	0	0	0	0	736	0	116014	0	9	0	0	0	0	0	0	2	0	0	0	0	0	0	0
0	0	0	0	0	0	2216	0	2216	5	0	0	0	0	0	737	0	116015	0	6	0	0	0	0	0	0	0	0	0	0	0	0	0	0
0	0	0	0	0	0	2216	0	2216	6	0	0	0	0	0	738	0	116016	0	8	0	0	0	0	0	0	1	0	0	0	0	0	0	0
0	0	0	0	0	0	2216	0	2216	4	0	0	0	0	0	739	0	116017	0	4	0	0	0	0	0	0	0	0	0	0	0	0	0	0
0	0	0	0	0	0	2216	0	2216	10	0	0	0	0	0	740	0	116020	0	10	0	0	0	0	0	0	0	0	0	0	0	0	0	0
0	0	0	0	0	0	2216	0	2216	7	0	0	0	0	0	741	0	116343	0	7	0	0	0	0	0	0	2	0	0	0	0	0	0	0
0	0	0	0	0	0	2216	0	2216	12	0	0	0	0	0	742	0	132176	0	2	0	0	0	0	0	0	0	0	0	0	0	0	0	0
0	0	1	0	1	1	2218	0	2218	1	0	0	0	0	0	743	0	116033	0	7	0	0	0	0	0	1	0	1	0	0	0	0	0	0
0	0	1	0	1	0	2218	0	2218	2	0	0	0	0	0	744	0	116034	0	9	0	0	0	0	0	1	0	1	0	0	0	0	0	0
0	0	1	0	1	0	2218	0	2218	3	0	0	0	0	0	745	0	116035	0	10	0	0	0	0	0	1	0	1	0	0	0	0	0	0
0	0	1	0	1	0	2218	0	2218	4	0	0	0	0	0	746	0	116036	0	2	0	0	0	0	0	1	0	1	0	0	0	0	0	0
0	0	1	0	1	0	2218	0	2218	5	0	0	0	0	0	747	0	116037	0	5	0	0	0	0	0	1	0	1	0	0	0	0	0	0
0	0	1	0	1	0	2218	0	2218	10	0	0	0	0	0	748	0	116039	0	1	0	0	0	0	0	1	0	1	0	0	0	0	0	0
0	0	1	0	1	0	2218	0	2218	11	0	0	0	0	0	749	0	116044	0	11	0	0	0	0	0	1	0	1	0	0	0	0	0	0
0	0	1	0	1	0	2218	0	2218	8	0	0	0	0	0	750	0	116416	0	3	0	0	0	0	0	1	0	1	0	0	0	0	0	0
0	0	1	0	1	0	2218	0	2218	12	0	0	0	0	0	751	0	116417	0	6	0	0	0	0	0	1	0	1	0	0	0	0	0	0
0	0	1	0	1	0	2218	0	2218	13	0	0	0	0	0	752	0	131724	0	12	0	0	0	0	0	1	0	1	0	0	0	0	0	0
0	0	1	0	1	0	2218	0	2218	14	0	0	0	0	0	753	0	132370	0	8	0	0	0	0	0	1	0	1	0	0	0	0	0	0
0	0	1	0	1	0	2218	0	2218	15	0	0	0	0	0	754	0	132588	0	4	0	0	0	0	0	1	0	1	0	0	0	0	0	0
66	0	0	0	0	1	2221	5	2221	1	16	2122	6	13	3	755	14	116300	11	5	4	0	24	0	3	0	0	0	1	13	2	8	1	66
60	0	0	0	0	0	2221	5	2221	2	16	20220	12	13	4	756	14	116302	11	6	2	0	22	0	0	1	2	0	4	8	1	9	3	56
46	0	0	0	0	0	2221	7	2221	7	16	221	9	11	3	757	14	116303	11	9	2	0	19	0	2	0	1	0	3	9	2	13	2	56
66	0	0	0	0	0	2221	14	2221	11	16	22012	13	14	3	758	14	116304	14	3	5	0	26	0	3	0	0	0	1	10	1	6	1	56
20	0	0	0	0	0	2221	15	2221	6	16	1101	7	11	0	759	14	116305	11	13	1	0	7	0	5	0	1	0	4	4	2	13	2	13
13	0	0	0	0	0	2221	16	2221	4	16	10001	9	11	1	760	14	116306	11	12	2	0	12	0	5	0	1	0	3	6	1	8	2	26
66	0	0	0	0	0	2221	6	2221	10	16	22201	13	15	4	761	14	116307	15	2	4	0	26	0	2	0	1	0	2	8	1	5	1	46
60	0	0	0	0	0	2221	12	2221	9	16	22020	8	11	3	762	14	116308	11	7	3	0	20	0	4	0	2	0	2	11	1	12	1	53
100	0	0	0	0	0	2221	4	2221	5	16	22222	17	16	6	763	14	116309	16	1	6	0	36	0	0	1	0	0	2	14	0	6	0	80
46	0	0	0	0	0	2221	7	2221	12	16	221	6	11	2	764	14	116310	14	8	3	0	19	0	3	0	1	0	2	13	3	7	1	46
6	0	0	0	0	0	2221	13	2221	8	16	1000	10	11	2	765	14	116311	13	11	2	0	15	0	3	0	2	0	4	10	1	13	2	23
53	0	0	0	0	0	2221	10	2221	3	16	20211	12	14	3	766	14	116312	13	4	4	0	25	0	2	0	1	0	1	13	2	6	2	70
33	0	0	0	0	0	2221	6	2221	13	16	12001	9	11	3	767	14	131477	11	10	1	0	16	0	2	0	1	0	4	7	2	13	2	40
6	0	0	0	0	0	2221	14	2221	14	16	1	4	11	1	768	14	131478	11	14	0	0	6	0	5	0	1	0	5	8	2	16	1	16
0	0	0	0	0	1	2222	0	2222	1	0	0	0	0	0	769	0	116325	0	4	0	0	0	0	0	0	0	0	0	0	0	0	0	0
0	0	0	0	0	0	2222	0	2222	2	0	0	0	0	0	770	0	116326	0	13	0	0	0	0	0	0	0	0	0	0	0	0	0	0
0	0	0	0	0	0	2222	0	2222	5	0	0	0	0	0	771	0	116327	0	3	0	0	0	0	0	0	0	0	0	0	0	0	0	0
0	0	0	0	0	0	2222	0	2222	9	0	0	0	0	0	772	0	116328	0	2	0	0	0	0	0	0	0	0	0	0	0	0	0	0
0	0	0	0	0	0	2222	0	2222	15	0	0	0	0	0	773	0	116331	0	6	0	0	0	0	0	0	0	0	0	0	0	0	0	0
0	0	0	0	0	0	2222	0	2222	7	0	0	0	0	0	774	0	116332	0	16	0	0	0	0	0	0	0	0	0	0	0	0	0	0
0	0	0	0	0	0	2222	0	2222	4	0	0	0	0	0	775	0	116333	0	9	0	0	0	0	0	0	0	0	0	0	0	0	0	0
0	0	0	0	0	0	2222	0	2222	6	0	0	0	0	0	776	0	116334	0	12	0	0	0	0	0	0	0	0	0	0	0	0	0	0
0	0	0	0	0	0	2222	0	2222	3	0	0	0	0	0	777	0	116336	0	14	0	0	0	0	0	0	0	0	0	0	0	0	0	0
0	0	0	0	0	0	2222	0	2222	8	0	0	0	0	0	778	0	116337	0	15	0	0	0	0	0	0	0	0	0	0	0	0	0	0
0	0	0	0	0	0	2222	0	2222	17	0	0	0	0	0	779	0	131123	0	1	0	0	0	0	0	0	0	0	0	0	0	0	0	0
0	0	0	0	0	0	2222	0	2222	10	0	0	0	0	0	780	0	131125	0	10	0	0	0	0	0	0	0	0	0	0	0	0	0	0
0	0	0	0	0	0	2222	0	2222	16	0	0	0	0	0	781	0	131391	0	8	0	0	0	0	0	0	0	0	0	0	0	0	0	0
0	0	0	0	0	0	2222	0	2222	18	0	0	0	0	0	782	0	131720	0	5	0	0	0	0	0	0	0	0	0	0	0	0	0	0
0	0	0	0	0	0	2222	0	2222	19	0	0	0	0	0	783	0	131733	0	7	0	0	0	0	0	0	0	0	0	0	0	0	0	0
0	0	0	0	0	0	2222	0	2222	20	0	0	0	0	0	784	0	132629	0	11	0	0	0	0	0	0	0	0	0	0	0	0	0	0
0	0	0	0	0	0	2226	0	2226	2	0	0	0	0	0	785	0	116280	0	2	0	0	0	0	0	0	0	0	0	0	0	0	0	0
0	0	0	0	0	0	2226	0	2226	3	0	0	0	0	0	786	0	116282	0	1	0	0	0	0	0	0	0	0	0	0	0	0	0	0
0	0	0	0	0	0	2226	0	2226	1	0	0	0	0	0	787	0	131358	0	2	0	0	0	0	0	0	0	0	0	0	0	0	0	0
0	0	0	0	0	0	2226	0	2226	1	0	0	0	0	0	788	0	131359	0	2	0	0	0	0	0	0	0	0	0	0	0	0	0	0
0	0	0	0	0	0	2226	0	2226	1	0	0	0	0	0	789	0	131360	0	2	0	0	0	0	0	0	0	0	0	0	0	0	0	0
0	0	0	0	0	0	2226	0	2226	1	0	0	0	0	0	790	0	131361	0	2	0	0	0	0	0	0	0	0	0	0	0	0	0	0
0	0	0	0	0	0	2226	0	2226	1	0	0	0	0	0	791	0	131362	0	2	0	0	0	0	0	0	0	0	0	0	0	0	0	0
0	0	0	0	0	0	2226	0	2226	1	0	0	0	0	0	792	0	131363	0	2	0	0	0	0	0	0	0	0	0	0	0	0	0	0
0	0	0	0	0	0	2240	0	2240	2	0	0	0	0	0	793	0	114046	0	2	0	0	0	0	0	0	0	0	0	0	0	0	0	0
0	0	0	0	0	0	2240	0	2240	2	0	0	0	0	0	794	0	131524	0	2	0	0	0	0	0	0	0	0	0	0	0	0	0	0
0	0	0	0	0	0	2240	0	2240	2	0	0	0	0	0	795	0	131527	0	2	0	0	0	0	0	0	0	0	0	0	0	0	0	0
0	0	0	0	0	0	2255	0	76	2	0	0	0	0	0	796	0	111205	0	1	0	0	0	0	0	0	0	0	0	0	0	0	0	0
0	0	0	0	0	0	2255	0	76	1	0	0	0	0	0	797	0	114815	0	2	0	0	0	0	0	0	0	0	0	0	0	0	0	0
0	0	0	0	0	0	2255	0	2255	3	0	0	0	0	0	798	0	132630	0	2	0	0	0	0	0	0	0	0	0	0	0	0	0	0
0	0	0	0	0	0	2255	0	2255	4	0	0	0	0	0	799	0	132670	0	2	0	0	0	0	0	0	0	0	0	0	0	0	0	0
0	0	0	0	0	0	2255	0	2255	5	0	0	0	0	0	800	0	132671	0	2	0	0	0	0	0	0	0	0	0	0	0	0	0	0
0	0	0	0	0	0	2255	0	2255	6	0	0	0	0	0	801	0	132672	0	2	0	0	0	0	0	0	0	0	0	0	0	0	0	0
0	0	0	0	0	0	2255	0	2255	7	0	0	0	0	0	802	0	132673	0	2	0	0	0	0	0	0	0	0	0	0	0	0	0	0
0	0	0	0	0	0	2255	0	2255	8	0	0	0	0	0	803	0	132674	0	2	0	0	0	0	0	0	0	0	0	0	0	0	0	0
0	0	0	0	0	0	2255	0	2255	9	0	0	0	0	0	804	0	132702	0	2	0	0	0	0	0	0	0	0	0	0	0	0	0	0
0	0	0	0	0	0	2255	0	2255	10	0	0	0	0	0	805	0	132703	0	2	0	0	0	0	0	0	0	0	0	0	0	0	0	0
0	0	0	0	0	0	2255	0	2255	11	0	0	0	0	0	806	0	132704	0	2	0	0	0	0	0	0	0	0	0	0	0	0	0	0
0	0	0	0	0	0	2255	0	2255	12	0	0	0	0	0	807	0	132705	0	2	0	0	0	0	0	0	0	0	0	0	0	0	0	0
0	0	0	0	0	0	2255	0	2255	13	0	0	0	0	0	808	0	132706	0	2	0	0	0	0	0	0	0	0	0	0	0	0	0	0
